period_days,frequency_per_day,eligible,retained_power,best_phase_95_amplitude_us,worst_phase_95_amplitude_us
30.0,0.03333333333333333,True,0.8971551775408825,13.937020908463746,14.25631241958351
30.00799153816157,0.03332445621121582,True,0.8962330363731473,13.884710805234384,14.316116149207799
30.04667893514396,0.0332815484253188,True,0.8908458214982214,13.730819601376053,14.541783509835755
30.085466215305356,0.03323864063942179,True,0.8874928101465447,13.709465555456232,14.6646738462883
30.12435376596358,0.03319573285352478,True,0.8759941506123975,13.54432914418874,14.982811685066828
30.163341976441547,0.03315282506762776,True,0.8700236429030853,13.275303316299754,15.447997023209066
30.202431238080315,0.033109917281730745,True,0.8783597797377032,13.08528773095917,15.7724110642783
30.241621944252156,0.03306700949583374,True,0.8843787841523995,12.96988999588553,15.920991052487201
30.280914490373767,0.03302410170993672,True,0.8798150408694745,12.861067751827733,16.023840589917768
30.320309273919545,0.032981193924039705,True,0.8827631499955322,12.777539571016394,16.078975268840548
30.359806694435,0.03293828613814269,True,0.8961180284335533,12.725544109315507,16.095919786757033
30.39940715355027,0.03289537835224568,True,0.9122681096266353,12.63444539520657,16.210608951563383
30.439111054993738,0.032852470566348664,True,0.9306576144707281,12.509267394527333,16.39034324846695
30.47891880460573,0.03280956278045165,True,0.9534991181212283,12.428293430205315,16.44937461127049
30.518830810352362,0.03276665499455463,True,0.9738697865516046,12.42969530263673,16.3317219531848
30.558847482339463,0.03272374720865762,True,0.9785625116812904,12.534634725916352,16.067082542617356
30.598969232826647,0.03268083942276061,True,0.9713937205998193,12.759834892733856,15.677927843609483
30.63919647624144,0.03263793163686359,True,0.960037987871168,13.060162944704883,15.242476102882968
30.679529629193564,0.032595023850966576,True,0.959133867691919,13.334890092908214,14.858728311971012
30.719969110489313,0.03255211606506957,True,0.9696344928516003,13.51173383485401,14.570325578399075
30.760515341146068,0.03250920827917255,True,0.9739841451584451,13.548379898914968,14.434610768612078
30.801168744406876,0.032466300493275535,True,0.9746235027679123,13.456269979662185,14.486151085849936
30.841929745755206,0.03242339270737852,True,0.9734934305771334,13.387173827110624,14.57830013367537
30.882798772929767,0.03238048492148151,True,0.9617472689690592,13.463566472651717,14.54645709947298
30.923776255939504,0.032337577135584494,True,0.9484656450815038,13.655557457540123,14.416975983648577
30.964862627078645,0.03229466934968748,True,0.9397921503145003,13.659257194710687,14.549914844117643
31.006058320941918,0.03225176156379046,True,0.9296227821193517,13.427420186619207,15.027851582831648
31.047363774439873,0.032208853777893454,True,0.9043013090782092,13.115990918465315,15.706870553628162
31.088779426814337,0.03216594599199644,True,0.8713093620804448,12.804501901364548,16.455063916643105
31.130305719653975,0.03212303820609942,True,0.8459251441190545,12.624831879162624,16.90841822019942
31.171943096909974,0.032080130420202406,True,0.8394545563855825,12.646302912382204,16.81375478187471
31.21369200491187,0.0320372226343054,True,0.8522681257877748,12.842185993951103,16.33072730324944
31.255552892383534,0.03199431484840838,True,0.877560698202037,13.176690624992093,15.685673292529057
31.29752621045918,0.031951407062511365,True,0.9041585894543228,13.649050152750416,14.955087046065767
31.339612412699623,0.03190849927661435,True,0.918303172942107,14.14361023961438,14.3038385588436
31.38181195510859,0.03186559149071734,True,0.9251108587796745,13.694048635707658,14.682828456910265
31.42412529614922,0.031822683704820325,True,0.9387754186293442,13.381452858486638,14.941841328825134
31.466552896760632,0.03177977591892331,True,0.9546071229288093,13.256187875126493,15.013036017098486
31.50909522037467,0.03173686813302629,True,0.9595927829383881,13.277906977450877,14.94835248170107
31.5517527329328,0.03169396034712928,True,0.9534524444434476,13.402360909873927,14.795188878534022
31.594525902903086,0.03165105256123227,True,0.9482278774829052,13.54375338759886,14.64778552110462
31.637415201297383,0.03160814477533525,True,0.9424938570160776,13.62553329003618,14.581962989823905
31.68042110168858,0.031565236989438236,True,0.9276590938261373,13.666585992203935,14.55758948344845
31.723544080228056,0.03152232920354122,True,0.9122524429236752,13.742293178852023,14.46428716732232
31.766784615663237,0.03147942141764421,True,0.9096588876152669,13.707974528433903,14.447948859053508
31.81014318935536,0.031436513631747195,True,0.9201201143058281,13.374759467205456,14.748010504087963
31.85362028529726,0.03139360584585018,True,0.9297576271117902,13.064448233510083,15.042394284464946
31.89721639013144,0.031350698059953164,True,0.9378769460770866,12.94974969380455,15.106991054308239
31.940931993168185,0.031307790274056155,True,0.950100728405595,13.033337964573871,14.949247260817511
31.984767586403922,0.03126488248815914,True,0.9463924185291149,13.232596967300596,14.699807805426557
32.02872366453961,0.031221974702262126,True,0.9350662937779474,13.413814428253515,14.493468057160383
32.07280072499941,0.03117906691636511,True,0.9424540833296559,13.374678149355887,14.506519042899878
32.1169992679494,0.031136159130468098,True,0.9609075233040921,13.127640266352062,14.716774378396332
32.16131979631655,0.031093251344571082,True,0.9664520807175602,12.878524144464347,14.927830329186353
32.20576281580772,0.03105034355867407,True,0.9620090050579312,12.743028167887148,15.03858018555357
32.25032883492897,0.031007435772777054,True,0.9569989399256896,12.771144279252828,14.99844872477421
32.29501836500493,0.03096452798688004,True,0.952566202199344,12.963886204854331,14.792580123671208
32.33983192019832,0.030921620200983026,True,0.9507487561626082,13.271495279214946,14.46243707640596
32.38477001752971,0.030878712415086013,True,0.9504076356759624,13.618423895121989,14.082443427239932
32.429833176897404,0.030835804629188997,True,0.9480773714485953,13.712629536454612,13.955375266822267
32.47502192109746,0.030792896843291985,True,0.9427574321812682,13.390367176265222,14.276782183208336
32.52033677584393,0.03074998905739497,True,0.9404921265973081,13.106081101778612,14.630425088878882
32.56577826978923,0.030707081271497957,True,0.9450303633658953,12.832238473370971,15.061332105677584
32.61134693454473,0.03066417348560094,True,0.9528519303452602,12.58232242805535,15.509716702372106
32.65704330470144,0.03062126569970393,True,0.949525115843139,12.42700507471522,15.763842686029555
32.70286791785096,0.030578357913806913,True,0.9468464613837162,12.434831568179655,15.62698068441016
32.748821314606516,0.0305354501279099,True,0.9532697415034923,12.611399245619491,15.157626343423875
32.794904038624274,0.030492542342012884,True,0.9644077752698299,12.850773046778603,14.659046744117243
32.841116636624726,0.030449634556115872,True,0.9724046283319768,12.921497055211965,14.474459940590622
32.88745965841434,0.030406726770218856,True,0.9749188267343436,12.77989330106486,14.612226159800084
32.933933656907364,0.030363818984321844,True,0.9759698241109229,12.67228498368832,14.718593828882003
32.980539188147816,0.030320911198424828,True,0.9789579621894916,12.764069345625078,14.546844118170823
33.02727681133163,0.030278003412527815,True,0.9796840907745559,13.10106078723153,14.100627029315673
33.074147088829086,0.0302350956266308,True,0.9741177496651046,13.40231364988354,13.794546920635522
33.12115058620727,0.030192187840733787,True,0.9661583134774462,13.057059255696602,14.258813981117067
33.16828787225294,0.03014928005483677,True,0.9607754557012914,12.833433377474753,14.601652685476292
33.21555951899536,0.03010637226893976,True,0.959846989356785,12.801312678013105,14.656290295818183
33.26296610172952,0.030063464483042743,True,0.9610603471101302,12.907919323947729,14.513729916995848
33.3105081990394,0.03002055669714573,True,0.9585430835036983,12.935711762239125,14.530618452008085
33.358186392821594,0.029977648911248714,True,0.9468432439857558,12.736306858651773,14.935982746783653
33.406001268308984,0.029934741125351702,True,0.9323191296319226,12.530140795415758,15.402226139374681
33.453953414094705,0.029891833339454686,True,0.9247012998417615,12.449358906634071,15.602321760502479
33.5020434221563,0.029848925553557674,True,0.9269770049838301,12.538980405628811,15.393978763594719
33.55027188788009,0.029806017767660658,True,0.9339373558643794,12.84029100728115,14.832306324555091
33.59863941008573,0.029763109981763645,True,0.9391976398863412,13.330042388822585,14.17140251816125
33.64714659105099,0.02972020219586663,True,0.9407038107128298,13.518269067980928,14.022433374095566
33.69579403653676,0.029677294409969617,True,0.938652617055859,13.224419060223061,14.460108621975909
33.74458235581229,0.0296343866240726,True,0.9412895694789788,13.061125911418765,14.701319906217032
33.79351216168057,0.02959147883817559,True,0.9551287742131042,12.965302063354049,14.757847175867752
33.84258407050405,0.029548571052278573,True,0.9603708978064219,12.875769708745695,14.766477902687132
33.891798702230474,0.02950566326638156,True,0.9473071801554035,12.773940050108319,14.851149589181718
33.94115668041902,0.029462755480484545,True,0.930693197635213,12.677325118811618,15.036914691978787
33.99065863226659,0.029419847694587532,True,0.9157635041679164,12.62233378296208,15.230394860350637
34.04030518863444,0.029376939908690516,True,0.9086968290372943,12.666048352869215,15.245274150350504
34.09009698407493,0.029334032122793504,True,0.9087249766879634,12.890886499906175,14.909414940056097
34.14003465685858,0.029291124336896488,True,0.908312599182523,13.323898705173056,14.300111970458573
34.19011884900134,0.029248216550999476,True,0.9090624897558068,13.445473051779514,14.132154820573573
34.240350206292085,0.02920530876510246,True,0.9179119976607779,13.074666162241291,14.574653121697512
34.29072937832041,0.029162400979205447,True,0.9307470042471105,12.876595873344897,14.818192545003988
34.3412570185046,0.02911949319330843,True,0.9360773562363849,12.768862724346228,14.924494880891073
34.391933784119885,0.02907658540741142,True,0.9331564007044707,12.773566822102481,14.856164458678542
34.44276033632696,0.029033677621514403,True,0.9291230526455213,12.995077140489053,14.48478725222727
34.49373734020071,0.02899076983561739,True,0.931063262150551,13.351524045451125,13.996991628057076
34.54486546475924,0.028947862049720375,True,0.9407270919544642,13.518755769718648,13.762251590924652
34.59614538299312,0.028904954263823363,True,0.9526034086938034,13.35826316213801,13.86853772235643
34.64757777189496,0.028862046477926347,True,0.9594953265780348,13.157570645106006,14.032584218923846
34.69916331248912,0.028819138692029334,True,0.9663945477393877,13.037493514275042,14.1314858053824
34.750902689861874,0.02877623090613232,True,0.9770374903463853,13.047829187210512,14.08888697363469
34.802796593191644,0.028733323120235306,True,0.9748898635268358,13.10041433409459,13.998837192268505
34.85484571577966,0.02869041533433829,True,0.971633244531469,13.137091192112369,13.926002167107086
34.907050755080796,0.028647507548441278,True,0.9732947501312682,13.167326622244953,13.86718098183772
34.95941241273477,0.028604599762544262,True,0.9744437079737136,13.159458781263416,13.867619233754862
35.011931394597525,0.02856169197664725,True,0.969929324762013,13.0965559981715,13.93771593785685
35.064608410772976,0.028518784190750233,True,0.970034636010243,12.999169627672659,14.033865049581427
35.11744417564501,0.02847587640485322,True,0.9758755521426357,12.885030703151324,14.127002378839752
35.1704394079098,0.028432968618956205,True,0.9820606124264586,12.764156278248576,14.221589886796442
35.223594830608334,0.028390060833059193,True,0.983002699812984,12.642302476340015,14.335790534973777
35.27691117115938,0.028347153047162177,True,0.9842514082565303,12.557898725855722,14.420845171663757
35.33038916139258,0.028304245261265164,True,0.9847782895520986,12.558626217534488,14.390192137588004
35.38402953758201,0.02826133747536815,True,0.9838063221328965,12.625419555972098,14.27090442493339
35.43783304047993,0.028218429689471136,True,0.9813404522868033,12.727473810885956,14.127630516784688
35.49180041535089,0.02817552190357412,True,0.978456911323608,12.924187746915802,13.89840157188337
35.54593241200613,0.028132614117677108,True,0.9721028030343076,13.187246999186074,13.627280194887165
35.60022978483835,0.028089706331780092,True,0.9591381346221887,13.02948710608946,13.834016609812139
35.654693292856685,0.02804679854588308,True,0.9501291797741402,12.792206976890094,14.154146698566928
35.709323699722134,0.028003890759986064,True,0.9513057426705718,12.724530452724924,14.296072129608259
35.764121773783216,0.02796098297408905,True,0.9407638778715257,12.81873662204619,14.270582249120974
35.81908828811201,0.027918075188192035,True,0.9191661572040396,12.967256232242793,14.196909454102833
35.87422402054051,0.027875167402295023,True,0.9146053908924767,13.071481868613667,14.121216329270151
35.9295297536973,0.027832259616398007,True,0.93193949442402,13.113184143920764,14.006522321521423
35.98500627504458,0.027789351830500995,True,0.9511985800893132,13.018188012016612,13.984156429175158
36.04065437691559,0.02774644404460398,True,0.9558327716148559,12.85343409414907,14.092638110529759
36.09647485655226,0.027703536258706966,True,0.954359126648989,12.74646262990393,14.262410840926995
36.15246851614335,0.02766062847280995,True,0.9420679201822937,12.66336052935368,14.520363634781841
36.2086361628628,0.027617720686912938,True,0.92740994785582,12.590813044807845,14.775307401569792
36.26497860890863,0.027574812901015922,True,0.9233732776067305,12.585472134091543,14.829536605688812
36.321496671541944,0.02753190511511891,True,0.9344817896165599,12.673106321018274,14.655082270925202
36.37819117312658,0.027488997329221894,True,0.9467092878236784,12.776270578944288,14.485320299767217
36.435062941168916,0.02744608954332488,True,0.9394050522054228,12.727846817933475,14.621624897975952
36.49211280835816,0.027403181757427866,True,0.9240388339168942,12.574165006083556,14.971498592133509
36.54934161260697,0.027360273971530853,True,0.9212589528073359,12.486644006716663,15.156567766461897
36.606750197092516,0.027317366185633837,True,0.9348630849677362,12.508659594927684,15.010964678250684
36.66433941029785,0.027274458399736825,True,0.9498139118037444,12.570409443430513,14.720935488743363
36.72211010605371,0.02723155061383981,True,0.9577289413959591,12.592969704641481,14.528603138174857
36.780063143580755,0.027188642827942797,True,0.9608971196414442,12.60523966626413,14.438214382483364
36.838199387532114,0.02714573504204578,True,0.9614972605156664,12.68995899305531,14.30145075274904
36.89651970803643,0.02710282725614877,True,0.9621402103317379,12.887417015748188,14.018124539167728
36.95502498074125,0.027059919470251752,True,0.9614325580822018,13.167955022085595,13.635997792801449
37.01371608685683,0.02701701168435474,True,0.9612576347944782,13.17672344254544,13.567527088108001
37.072593913200436,0.026974103898457724,True,0.963401427267869,12.871763552784083,13.883937900768684
37.131659352240945,0.026931196112560712,True,0.9665497463616195,12.652993372321738,14.168307775806912
37.190913302144,0.026888288326663696,True,0.970031311117162,12.568494649959117,14.31113907066417
37.25035666681746,0.026845380540766683,True,0.9708835876990614,12.6115933013676,14.281467686744358
37.30999035595747,0.026802472754869668,True,0.962399768755291,12.70893118719947,14.185200210338238
37.36981528509474,0.026759564968972655,True,0.9492621741717956,12.785305478851981,14.131702489598675
37.42983237564152,0.02671665718307564,True,0.9379239297246923,12.828652521364118,14.123588844192517
37.4900425549388,0.026673749397178627,True,0.9346841389111972,12.910991583700927,14.048477134894236
37.55044675630418,0.02663084161128161,True,0.9409517407728971,13.108270534816372,13.820573513616273
37.611045919079984,0.0265879338253846,True,0.9518905800850824,13.180242794051347,13.75310355846282
37.67184098868203,0.026545026039487583,True,0.9625362112825474,12.928475750920926,14.093079581355415
37.73283291664875,0.02650211825359057,True,0.9591245516334413,12.769018082856928,14.356543448708953
37.7940226606909,0.026459210467693554,True,0.9464731754276671,12.754336344299867,14.405942590309685
37.855411184741584,0.026416302681796542,True,0.9432943234177127,12.833649795644511,14.287662119113874
37.91699945900699,0.026373394895899526,True,0.9443805781500688,12.951451576508441,14.113535379207564
37.978788460017384,0.026330487110002514,True,0.944278606247231,13.01354710853616,14.043049427280929
38.04077917067883,0.026287579324105498,True,0.944444666895209,12.929849140126498,14.188424419153565
38.102972580325236,0.026244671538208485,True,0.9478387548948595,12.788135722751177,14.411818041181807
38.16536968477101,0.02620176375231147,True,0.9503197215230993,12.716809540705034,14.49370271795618
38.227971486364204,0.026158855966414457,True,0.9468970868424931,12.785638142436952,14.338249762954451
38.29077899404022,0.02611594818051744,True,0.9410757569364203,12.971080099406228,14.071628796874352
38.35379322337594,0.02607304039462043,True,0.934419751388633,13.116307381154076,13.962794101891006
38.41701519664454,0.026030132608723413,True,0.927871046615183,13.058266137836497,14.178202146930836
38.480445942870745,0.0259872248228264,True,0.9268100863624842,12.867257878013893,14.5773091944546
38.54408649788663,0.025944317036929385,True,0.9363666220389223,12.667675942330742,14.930435542267011
38.60793790438805,0.025901409251032372,True,0.9254646263923829,12.560602118167555,15.046133290557407
38.67200121199156,0.025858501465135356,True,0.9119472966347639,12.560207046263175,14.958814089709938
38.73627747729192,0.025815593679238344,True,0.9122426259991632,12.630832688222725,14.824504075648372
38.800767763920234,0.025772685893341328,True,0.9163280969470186,12.78430222072174,14.649072898755009
38.865473142602546,0.025729778107444316,True,0.9093160846584478,13.024709706783765,14.37771439532017
38.93039469121916,0.0256868703215473,True,0.9040750113163554,13.29043490430194,14.033645370944923
38.99553349486445,0.025643962535650287,True,0.9112672840955381,13.55448081381515,13.63292451217229
39.06089064590737,0.02560105474975327,True,0.9221890154231234,13.07274563939607,13.99910790645967
39.12646724405243,0.02555814696385626,True,0.9281097765276305,12.629421245676335,14.44162234311696
39.19226439640147,0.025515239177959243,True,0.9268317972570216,12.43343352005331,14.696682810088115
39.258283217515896,0.02547233139206223,True,0.9198794065863989,12.522107773413111,14.624106299262088
39.32452482947965,0.025429423606165215,True,0.9169744653487258,12.78662873953878,14.340194093497436
39.390990361962764,0.025386515820268202,True,0.9262173175079498,13.049308378193013,14.045736808688828
39.45768095228559,0.025343608034371187,True,0.943299964487866,13.21289061448536,13.812609860440698
39.52459774548365,0.025300700248474174,True,0.9463983552904468,13.324959551808151,13.600418985735322
39.591741894373214,0.02525779246257716,True,0.9486684254691344,13.331708400965988,13.515706780392643
39.65911455961743,0.025214884676680146,True,0.9544144106875361,12.999566127594958,13.841670288394356
39.72671690979329,0.02517197689078313,True,0.9580212450573525,12.700884892674333,14.178746998783588
39.7945501214591,0.025129069104886118,True,0.9576690412569789,12.526857970562865,14.325376832152687
39.86261537922284,0.0250861613189891,True,0.9621222108818391,12.49157997204843,14.225433232520711
39.93091387581101,0.02504325353309209,True,0.969661597691807,12.565121406975338,13.995375187064962
39.99944681213841,0.025000345747195073,True,0.9745990108513379,12.636820326922482,13.864028660302449
40.06821539737843,0.02495743796129806,True,0.9685245259412045,12.456637058885992,14.164832890483902
40.13722084903426,0.024914530175401045,True,0.9637194242822585,12.164299858026277,14.708677310216755
40.206464393010634,0.024871622389504033,True,0.9638876314199392,11.983239279815034,15.068785823345339
40.27594726368654,0.024828714603607017,True,0.9651831624717597,11.945892385045672,15.097145684908917
40.34567070398846,0.024785806817710004,True,0.9638392391410159,12.004126516631354,14.925145598402093
40.41563596546459,0.02474289903181299,True,0.9649847299412574,12.135940704492924,14.662535963994136
40.48584430835963,0.024699991245915976,True,0.9719162756426263,12.326515189299174,14.35743252506921
40.556297001690524,0.02465708346001896,True,0.9769842417004285,12.510497024628716,14.10074643718176
40.62699532332287,0.024614175674121948,True,0.9677287884285111,12.663406867872052,13.911621405105636
40.697940560048224,0.024571267888224932,True,0.9604250357296169,12.837930032956463,13.726841746473745
40.769134007662124,0.02452836010232792,True,0.9555401143026937,13.028202790829948,13.562380691637824
40.84057697104302,0.024485452316430904,True,0.9495636648331353,13.180588184184314,13.461683961944956
40.91227076423198,0.02444254453053389,True,0.9404543663838125,13.276487282033893,13.420391437400292
40.98421671051326,0.024399636744636875,True,0.930032778786441,13.294804992033072,13.460151075317851
41.056416142495706,0.024356728958739863,True,0.9216757495550569,13.28404723925303,13.549585408216336
41.12887040219507,0.024313821172842847,True,0.9182862437111802,13.166232160916751,13.782697974695612
41.2015808411171,0.024270913386945835,True,0.9179934148923979,12.980176976258116,14.112638603123957
41.274548820341636,0.02422800560104882,True,0.915804365775556,12.792989880573533,14.433492680195556
41.347775710607486,0.024185097815151806,True,0.911189787987856,12.62865713654148,14.691382404746216
41.42126289239831,0.02414219002925479,True,0.9038800732051602,12.486573585207973,14.88980206128247
41.495011756029335,0.024099282243357778,True,0.8964133695581362,12.368738946045484,15.029373685297276
41.56902370173505,0.024056374457460762,True,0.8970296767785783,12.28963570896952,15.072068506044275
41.6433001397578,0.02401346667156375,True,0.9088663985735901,12.272674193511156,14.97606574000422
41.71784249043743,0.023970558885666734,True,0.924698523962128,12.341274678803812,14.749829332178372
41.7926521843017,0.02392765109976972,True,0.9341943084696146,12.49677061083947,14.463765590130304
41.86773066215793,0.023884743313872706,True,0.9335203097793356,12.690482562184476,14.2112678030017
41.943079375185405,0.023841835527975693,True,0.9299639324697198,12.812904161769266,14.07723029102192
42.018699785028915,0.023798927742078677,True,0.9341559166210938,12.763324478112068,14.10667080227167
42.09459336389324,0.023756019956181665,True,0.9475228580435378,12.578777844515548,14.24909275746551
42.170761594638726,0.02371311217028465,True,0.9597181487350163,12.366246687729637,14.44457344277752
42.24720597087783,0.023670204384387637,True,0.9553928963613788,12.221352023268045,14.633521495187964
42.32392799707279,0.02362729659849062,True,0.9435467607668,12.159310227172,14.795469643935325
42.40092918863428,0.023584388812593608,True,0.9389875712346979,12.071146722437133,15.055451487786119
42.47821107202119,0.023541481026696592,True,0.9465033825494737,11.900009328950956,15.45759528104492
42.55577518484153,0.02349857324079958,True,0.9619424894974249,11.729020512701497,15.816201372478119
42.63362307595438,0.023455665454902564,True,0.9620230007943783,11.623633748421655,15.998381101651164
42.711756305572976,0.02341275766900555,True,0.9477333622400601,11.631332896166128,15.930486737223584
42.790176445368985,0.023369849883108536,True,0.9336139030902031,11.810483973194767,15.534714523071493
42.868885078577826,0.023326942097211523,True,0.9243893244329641,12.149838554931318,14.942210191286861
42.94788380010529,0.023284034311314507,True,0.9207310036007987,12.51964879014162,14.44055427232875
43.027174216635196,0.023241126525417495,True,0.9193822832255919,12.738890238117378,14.217558127281574
43.1067579467384,0.02319821873952048,True,0.9171015787847745,12.764232365541782,14.233162905691492
43.186636620982824,0.023155310953623467,True,0.9131136302101139,12.72700364807244,14.30185592092984
43.26681188204494,0.02311240316772645,True,0.9098028612513037,12.681441715799627,14.394733535249161
43.347285384822264,0.02306949538182944,True,0.9090639759631125,12.63087587606291,14.549621703767787
43.4280587965473,0.023026587595932423,True,0.9096028002859948,12.669181802660034,14.608545364934605
43.50913379690262,0.02298367981003541,True,0.9082239627473258,12.865005502430279,14.403715101011116
43.590512078137344,0.022940772024138394,True,0.9064017962430047,13.138501434068337,14.04119964891993
43.67219534518485,0.022897864238241382,True,0.9083791427326172,13.12322627504749,14.002310792998415
43.754185315781875,0.022854956452344366,True,0.9124753712119352,12.833897184938433,14.351420154693175
43.83648372058885,0.022812048666447354,True,0.9142916926486112,12.631932237185836,14.713726156505931
43.919092303311785,0.022769140880550338,True,0.913014900843969,12.553632142509963,14.951143635792938
44.00201282082531,0.022726233094653325,True,0.9143028666690073,12.537781260600168,15.004008804436515
44.0852470432973,0.02268332530875631,True,0.9227481703970101,12.55864742882311,14.838259638931875
44.16879675431482,0.022640417522859297,True,0.9342592351140633,12.65473265150828,14.482220678757491
44.2526637510115,0.02259750973696228,True,0.944234471846922,12.764365691667605,14.188307268061617
44.3368498441964,0.02255460195106527,True,0.9532655240088251,12.70980234296809,14.253007961273754
44.4213568584844,0.022511694165168253,True,0.9540405078671259,12.65084204113563,14.396764489771954
44.50618663242791,0.02246878637927124,True,0.9419702877875002,12.766905370335571,14.245849892367145
44.591341018650304,0.022425878593374228,True,0.939684838743066,13.011204897574618,13.852190595285848
44.67682188398074,0.022382970807477212,True,0.9487693983432959,13.08960500096575,13.648699425911015
44.76263110959058,0.0223400630215802,True,0.9566807321256868,12.87338592054126,13.836549238571607
44.84877059113142,0.022297155235683184,True,0.9548870228134341,12.6885829283191,14.083646404214338
44.93524223887465,0.02225424744978617,True,0.9458836181312353,12.551608488283799,14.323010380249334
45.02204797785269,0.022211339663889156,True,0.9401235774350519,12.417564379837764,14.546233750002228
45.109189748001825,0.022168431877992143,True,0.944407049785434,12.253639557805275,14.784614656843916
45.19666950430675,0.022125524092095127,True,0.9571454102130154,12.159158462903243,14.898024264031928
45.2844892169467,0.022082616306198115,True,0.9705489638177587,12.256152058795847,14.69762146999938
45.37265087144348,0.0220397085203011,True,0.9734043338379245,12.47715796400366,14.350486981344748
45.46115646881096,0.021996800734404087,True,0.9633297145741131,12.577418231802975,14.230617286639847
45.550008025706575,0.02195389294850707,True,0.9599893540979623,12.5922093818043,14.242657416649623
45.639207574584425,0.021910985162610058,True,0.964657560744252,12.739157212025342,14.075234864280558
45.72875716385034,0.021868077376713042,True,0.9659733494051563,13.030171340730659,13.74795002736584
45.81865885801855,0.02182516959081603,True,0.9608611104892938,13.298540369795658,13.475331630392342
45.90891473787049,0.021782261804919014,True,0.9617624068837065,13.162248479880027,13.61533727572426
45.999526900615216,0.021739354019022,True,0.9694855309399176,13.039123179108557,13.721987239938226
46.090497460051914,0.021696446233124986,True,0.9766365989825058,12.950142007121514,13.800373256900249
46.18182854673423,0.021653538447227973,True,0.9734144144135218,12.850903475639699,13.94191237718523
46.273522308136656,0.021610630661330957,True,0.961702309930596,12.743398985045147,14.15839929119665
46.36558090882276,0.021567722875433945,True,0.9501423904880119,12.700961415159526,14.314688934803392
46.458006530615606,0.02152481508953693,True,0.9456301395095137,12.739623600343531,14.326814679418698
46.55080137277005,0.021481907303639917,True,0.9478055085225207,12.725250688304746,14.368396921527458
46.64396765214723,0.0214389995177429,True,0.9491141999646652,12.621710923589362,14.532361231915473
46.737507603391066,0.02139609173184589,True,0.9442837800993956,12.582418973149812,14.644528239773376
46.83142347910697,0.021353183945948873,True,0.9388744021028023,12.663929138845125,14.616838291570305
46.9257175500426,0.02131027616005186,True,0.9429309959156229,12.786197057452629,14.521836982694813
47.02039210527097,0.021267368374154844,True,0.9370407337420367,12.774572129924094,14.543410336008904
47.1154494523756,0.021224460588257832,True,0.9263756295733567,12.544044437405347,14.79506781646157
47.21089191763806,0.021181552802360816,True,0.9227973109042401,12.249230109117313,15.132055434502439
47.306721846227674,0.021138645016463804,True,0.9248281744716601,12.0563489007715,15.334289272594532
47.402941602393696,0.021095737230566788,True,0.934259806918034,12.02930638884305,15.268641178218305
47.499553569659646,0.021052829444669775,True,0.9509488767242968,12.13218681934519,14.988249857495518
47.59656015102021,0.02100992165877276,True,0.9671782960558474,12.27332330205203,14.664382852772633
47.693963769140396,0.020967013872875747,True,0.9699548712793837,12.370202653016818,14.440570851181237
47.791766866557296,0.02092410608697873,True,0.9661604453883861,12.42017871266321,14.332757213640422
47.88997190588418,0.02088119830108172,True,0.968161257358614,12.532385653459102,14.187058036453863
47.98858137001726,0.020838290515184703,True,0.9776838768617984,12.742243970089925,13.952275704026635
48.08759776234488,0.02079538272928769,True,0.9702961813364331,12.707063472153731,14.059612736064995
48.18702360695941,0.020752474943390675,True,0.9583456132173896,12.368213836793414,14.636540779143646
48.28686144887169,0.020709567157493662,True,0.9514884862488814,12.102050077357475,15.23502322924261
48.38711385422824,0.020666659371596646,True,0.9524357164777268,12.008823179053078,15.616891609281803
48.487783410531044,0.020623751585699634,True,0.9559863791142744,12.04168607186277,15.761052316939619
48.58887272686024,0.020580843799802618,True,0.9496136094177943,12.114238191777476,15.75564779699518
48.69038443409945,0.020537936013905606,True,0.9499374520987349,12.190505080146945,15.631736299252701
48.79232118516411,0.02049502822800859,True,0.9580537050439253,12.301817372068962,15.366071553742827
48.894685655232486,0.020452120442111577,True,0.9664599239529815,12.493271942169335,14.975920029389693
48.99748054197976,0.02040921265621456,True,0.9686435557791114,12.783096999721348,14.520334944340044
49.10070856581497,0.02036630487031755,True,0.9646069207656462,13.093580899230693,14.128594572586607
49.204372470121044,0.020323397084420533,True,0.9602585563186217,13.099205558048098,14.134492471651207
49.30847502149778,0.02028048929852352,True,0.9594244753278746,12.86689660270291,14.415817992650542
49.413019010008,0.020237581512626505,True,0.9595959874328059,12.718381040054673,14.571909332007866
49.5180072494268,0.020194673726729492,True,0.9582654165799858,12.70904885015729,14.528130079596933
49.62344257749401,0.020151765940832476,True,0.9552679508873496,12.819122751664628,14.344413746595203
49.72932785616983,0.020108858154935464,True,0.9490868186275753,12.964562044203154,14.164644808450657
49.83566597189384,0.020065950369038448,True,0.9415343570537217,12.911440851154115,14.28143172216301
49.94245983584723,0.020023042583141436,True,0.939629135774359,12.702456107960893,14.633016992647361
50.04971238421855,0.01998013479724442,True,0.9476823272279543,12.574050863538037,14.857120656054766
50.15742657847269,0.019937227011347407,True,0.9544938500358439,12.590289356363854,14.794766499342128
50.26560540562357,0.01989431922545039,True,0.9474828724530596,12.718806220585227,14.51565442095859
50.374251878510165,0.01985141143955338,True,0.9456631336230022,12.905706563672858,14.165851542342454
50.483369036076304,0.019808503653656363,True,0.9507469123202983,13.069150790988395,13.885512416278148
50.59295994365391,0.01976559586775935,True,0.9584199612705604,13.040171970657347,13.85272080480275
50.703027693250114,0.019722688081862335,True,0.9619978782276966,12.839345307021373,14.026837325623578
50.81357540383804,0.019679780295965323,True,0.9618912839741401,12.629074346348391,14.226254147033197
50.92460622165141,0.019636872510068307,True,0.9602016125102123,12.481459292773678,14.364933445007765
51.03612332048301,0.019593964724171294,True,0.9597170358535928,12.431602725660495,14.383830005734493
51.148129901987154,0.01955105693827428,True,0.9628306910519576,12.465784878595654,14.278048272368922
51.26062919598602,0.019508149152377266,True,0.9713003199485684,12.521018407863986,14.117681792217471
51.37362446078018,0.01946524136648025,True,0.9841286648110569,12.574580452874878,13.936877135484457
51.4871189834631,0.019422333580583238,True,0.984245641532725,12.69666435161168,13.681748164915739
51.60111608023995,0.019379425794686222,True,0.9871316862249414,12.935474088412318,13.352795455985314
51.715619096750544,0.01933651800878921,True,0.986276278238082,12.947109560310654,13.33587464516934
51.83063140839671,0.019293610222892194,True,0.97680597821638,12.663003294293496,13.680970505979722
51.9461564206739,0.01925070243699518,True,0.9732823910135091,12.462047803871169,13.954921293712466
52.06219756950739,0.019207794651098165,True,0.9714763251580658,12.348826103403619,14.13750009752039
52.178758321592845,0.019164886865201153,True,0.9579721128218418,12.256053147302836,14.35327659511287
52.29584217474161,0.019121979079304137,True,0.9434630460030412,12.161044604020056,14.6541108463829
52.41345265823056,0.019079071293407125,True,0.9334015443386818,12.153823523527688,14.835842661445781
52.531593333156756,0.01903616350751011,True,0.9296980649275758,12.294637459596569,14.70928599370697
52.650267792796825,0.018993255721613096,True,0.9311508866499539,12.531125734173608,14.377225636885127
52.76947966297131,0.01895034793571608,True,0.9335066448080253,12.741504359890945,14.091268618764708
52.88923260241389,0.018907440149819068,True,0.9311354013890536,12.866933977128545,13.957783446946815
53.009530303145766,0.018864532363922052,True,0.9218541829643777,12.948325875524505,13.918402999420605
53.130376490854985,0.01882162457802504,True,0.9119771203953015,13.014961340733711,13.908117471045141
53.2517749252812,0.018778716792128024,True,0.9088468986345137,13.095954393779571,13.855404846478631
53.37372940060542,0.01873580900623101,True,0.9129299156881419,13.195221023882667,13.73766217902055
53.49624374584549,0.018692901220333995,True,0.9196538692202265,13.235387459660833,13.644442915655276
53.61932182525664,0.018649993434436983,True,0.9271919428870793,13.143786125228106,13.666996768282612
53.742967538737936,0.018607085648539967,True,0.9366867682175826,12.961800686259128,13.790272881065375
53.86718482224408,0.018564177862642955,True,0.9467738303505591,12.781250635448446,13.94252941742736
53.99197764820312,0.01852127007674594,True,0.9528487490905133,12.681539275743361,14.03190046468281
54.1173500259399,0.018478362290848926,True,0.9533395226219918,12.663405976397677,14.036225198119686
54.243306002105456,0.01843545450495191,True,0.9516097320342636,12.695496704309729,13.969517399307936
54.36984966111235,0.018392546719054898,True,0.9496226309912057,12.795238578236795,13.798185367823754
54.49698512557625,0.018349638933157882,True,0.9481672575200295,12.97861564345999,13.528620546235818
54.62471655676356,0.01830673114726087,True,0.9486716028750929,13.042100333604811,13.416902343205255
54.7530481550455,0.018263823361363854,True,0.9520671107591281,12.822344660835428,13.638832631643723
54.88198416035846,0.01822091557546684,True,0.9574497322997281,12.693335893880898,13.766764967127308
55.01152885267108,0.018178007789569826,True,0.9607591125390104,12.75385601639763,13.64991716871595
55.14168655245766,0.018135100003672813,True,0.9583200982918171,12.995797665480584,13.339475856863986
55.272461621178664,0.018092192217775797,True,0.9537290782438335,12.999624630712187,13.335615258485127
55.40385846176773,0.018049284431878785,True,0.9499091856980957,12.764844588482607,13.63589264490146
55.53588151912595,0.01800637664598177,True,0.946842892016233,12.526310995731217,13.972637732357006
55.66853528062295,0.017963468860084757,True,0.9497935954880716,12.214167592781362,14.422361067143502
55.801824276605444,0.01792056107418774,True,0.962015768755956,11.947826968939886,14.821511362785074
55.93575308091286,0.01787765328829073,True,0.9710757610873697,11.857130511626526,14.933468256441305
56.07032631140062,0.017834745502393713,True,0.9570764730536708,11.971272874534662,14.71410348055811
56.20554863047081,0.0177918377164967,True,0.9449466148185999,12.213729364784946,14.34267278646933
56.34142474561073,0.017748929930599684,True,0.9430452605525624,12.45185167257014,14.016144787903439
56.47795940993908,0.017706022144702672,True,0.9506115215016606,12.579884284818654,13.831079435156736
56.6151574227603,0.017663114358805656,True,0.9583681141795799,12.55345833946321,13.842427929531723
56.75302363012681,0.017620206572908644,True,0.9535535240073194,12.480719618084194,13.960950473983722
56.89156292540972,0.017577298787011628,True,0.9374612313152767,12.47835766801926,14.055425982192107
57.030780249877665,0.017534391001114615,True,0.9202629847512745,12.509862756560915,14.138679420940404
57.17068059328437,0.0174914832152176,True,0.9124390877906097,12.484220684229745,14.27324950593361
57.311268994464726,0.017448575429320587,True,0.9159868571432805,12.399426210733187,14.42657062471634
57.452550541939864,0.01740566764342357,True,0.9219544235701147,12.359562289619644,14.456106080520378
57.59453037453095,0.01736275985752656,True,0.9198528759405681,12.470353775246533,14.246513592529132
57.737213681982375,0.017319852071629543,True,0.9133322324132052,12.736294152024023,13.863539923372306
57.880605705594,0.01727694428573253,True,0.9136197847006581,12.98806236296897,13.55124378736451
58.02471173886305,0.017234036499835514,True,0.9248932229041391,12.882414610506968,13.63812553011595
58.16953712813538,0.017191128713938502,True,0.9406600006253162,12.674462631423067,13.812274627245035
58.31508727326683,0.017148220928041486,True,0.9506680848570471,12.532397679560537,13.888370946911643
58.461367628294184,0.017105313142144474,True,0.9554459242339087,12.464939434088823,13.890521788801983
58.60838370211657,0.017062405356247458,True,0.9556166373861549,12.427657472589692,13.916869594499628
58.75614105918693,0.017019497570350445,True,0.9485556375542942,12.383037752655206,14.020867152520973
58.904645320214144,0.01697658978445343,True,0.9363842112604427,12.388910128212872,14.073514282804782
59.053902162875694,0.016933681998556417,True,0.9275127523790777,12.483398016792144,13.958745774445234
59.20391732254131,0.0168907742126594,True,0.9308200842434009,12.587110115700227,13.773710807537848
59.35469659300756,0.01684786642676239,True,0.9447841890692567,12.520712072147084,13.781386624634758
59.506245827243816,0.016804958640865373,True,0.9526567329741135,12.25189880992258,14.098472473292006
59.65857093814954,0.01676205085496836,True,0.9485680024672319,12.013248868074609,14.465799414353723
59.811677899323364,0.016719143069071345,True,0.9475817048599982,11.957931774601068,14.566360609716252
59.96557274584395,0.016676235283174332,True,0.9516794626807439,12.073858515075209,14.336910972338597
60.12026157506298,0.016633327497277316,True,0.957664950805975,12.24645765166698,13.986561633991121
60.27575054741042,0.016590419711380304,True,0.9635771284069267,12.387896684165355,13.695587027340942
60.43204588721237,0.016547511925483288,True,0.9673093994129773,12.501315110324255,13.498978128976791
60.58915388352157,0.016504604139586276,True,0.9671424818103851,12.598400088456431,13.397064835787361
60.74708089096105,0.01646169635368926,True,0.9568125498915296,12.556699312343241,13.51190822817287
60.9058333305808,0.016418788567792247,True,0.9418335051839529,12.280891607519449,13.95165296317168
61.06541769072814,0.01637588078189523,True,0.9317964336021345,11.924212865625849,14.56773426106105
61.22584052793159,0.01633297299599822,True,0.9269539648185147,11.631210850822288,15.151361929900018
61.38710846779891,0.016290065210101203,True,0.9233748639620414,11.483029676870261,15.501438768555701
61.54922820592916,0.01624715742420419,True,0.9202418849103792,11.500413972579805,15.540261639467822
61.71220650883949,0.016204249638307175,True,0.9186899434760707,11.656843045528944,15.358665528744762
61.87605021490642,0.016161341852410162,True,0.9186593947850078,11.9048835915995,15.093359861110992
62.04076623532245,0.016118434066513147,True,0.9209101059549951,12.214275583197725,14.794825042920655
62.2063615550677,0.016075526280616134,True,0.9257550829713951,12.596902429310218,14.430335189111382
62.37284323389742,0.01603261849471912,True,0.9316975065595451,13.093842095427055,13.980963873155922
62.540218407345144,0.015989710708822106,True,0.939405239053964,13.417392748114082,13.825796437711189
62.70849428774228,0.01594680292292509,True,0.9459778590826494,13.099716051108675,14.476600835552837
62.877678165254025,0.015903895137028078,True,0.9449119892422732,13.043832615395685,14.871704895643578
63.04777740893218,0.01586098735113106,True,0.9410416258467836,13.321968523774368,14.754220590902674
63.218799467785054,0.01581807956523405,True,0.9392807186559382,13.797721783244906,14.323339920071055
63.390751871864936,0.015775171779337033,True,0.9427142386570082,13.860727890886407,14.30158681668019
63.56364223337316,0.01573226399344002,True,0.9492266482132236,13.530134900341576,14.701585239202945
63.73747824778354,0.015689356207543005,True,0.9472937285979872,13.3211203413763,15.0111048152024
63.91226769498409,0.015646448421645993,True,0.9380016333736478,13.36257474720556,14.99510229270548
64.08801844043774,0.015603540635748979,True,0.9338145608573704,13.665928235946572,14.598054565208997
64.26473843636208,0.015560632849851964,True,0.9389856764071569,13.950071703818967,14.211593774122726
64.44243572292892,0.01551772506395495,True,0.9479168550160533,13.71157810118887,14.391587022388897
64.62111842948354,0.015474817278057936,True,0.9528537074233592,13.539046223333237,14.569468908376496
64.80079477578445,0.015431909492160922,True,0.9500303360727443,13.432301311965814,14.766388766815062
64.98147307326387,0.015389001706263908,True,0.945004724132577,13.450113655208584,14.831586146306506
65.16316172630931,0.015346093920366894,True,0.9482104498354916,13.63571230046713,14.611273968850009
65.34586923356672,0.01530318613446988,True,0.9613299855902788,13.855714923943431,14.27891836424283
65.52960418926563,0.015260278348572865,True,0.9644635902779404,13.799038408877742,14.237626121555783
65.71437528456678,0.015217370562675851,True,0.966012427894012,13.735018927790172,14.260922007605611
65.90019130893246,0.015174462776778837,True,0.9697496965039684,13.550563557099064,14.507683551295196
66.08706115152034,0.015131554990881823,True,0.9651102800804741,13.415402210308526,14.734329644748756
66.27499380260093,0.015088647204984809,True,0.9608230279928627,13.516898945151743,14.605603071035567
66.46399835499935,0.015045739419087795,True,0.9700760862318357,13.53796364634945,14.52298110220234
66.65408400556191,0.01500283163319078,True,0.9835886283299807,13.320958815570073,14.748242118100354
66.84526005664787,0.014959923847293766,True,0.9829938022059375,13.31824084954882,14.758824245941717
67.03753591764686,0.014917016061396752,True,0.9743888235808957,13.49007700821158,14.602594578140431
67.23092110652274,0.014874108275499738,True,0.9677393866013836,13.53001087511713,14.630634886823625
67.42542525138411,0.014831200489602724,True,0.9666978318789263,13.448724747172053,14.78057300076623
67.62105809208227,0.01478829270370571,True,0.9706990549974666,13.381301131729268,14.884573037195311
67.81782948183692,0.014745384917808696,True,0.9744094421996274,13.346397483799896,14.951427038017128
68.0157493888906,0.014702477131911681,True,0.9707499549931299,13.336124954372579,15.017140893752414
68.2148278981919,0.014659569346014667,True,0.9628517299513648,13.401433820805812,15.00012858562398
68.41507521310842,0.014616661560117653,True,0.9575948466102205,13.59625908946699,14.808881084519085
68.61650165717013,0.014573753774220639,True,0.9557300831482514,13.89736090436434,14.496227609247045
68.81911767584336,0.014530845988323625,True,0.9530258371615943,14.122414448870256,14.293553306092324
69.02293383833651,0.01448793820242661,True,0.9492292218489853,13.733341174423087,14.781131887696352
69.22796083943788,0.014445030416529597,True,0.9495433085712185,13.434589143761487,15.23424907511088
69.43420950138633,0.014402122630632582,True,0.9528109589561985,13.255085455077912,15.549506173668199
69.64169077577553,0.014359214844735568,True,0.952447136810848,13.075836032401964,15.871336855721395
69.85041574549236,0.014316307058838554,True,0.9527392793656935,12.883317502892945,16.23680820645576
70.06039562669044,0.01427339927294154,True,0.958608825506518,12.842863415513122,16.322848020551298
70.27164177079916,0.014230491487044526,True,0.9619181126627278,13.03492314631572,15.962846414991573
70.48416566656933,0.014187583701147512,True,0.956317978361639,13.348578550188709,15.434658867856125
70.69797894215594,0.014144675915250498,True,0.961013617874283,13.605351118195532,15.02383702429448
70.91309336723909,0.014101768129353483,True,0.9727713123427085,13.836204780496686,14.646238353512661
71.12952085518356,0.01405886034345647,True,0.9761933686749978,14.010707224154535,14.349407031963164
71.34727346523826,0.014015952557559455,True,0.978096731513123,13.800802451820111,14.518573850258354
71.56636340477603,0.013973044771662441,True,0.9754729022267421,13.769197076558944,14.565337918819118
71.78680303157496,0.013930136985765427,True,0.9679889690019237,13.97382698721993,14.411402200219383
72.00860485614189,0.013887229199868413,True,0.9663428947689392,13.892837050091439,14.595599283771998
72.23178154407923,0.013844321413971399,True,0.9633191787723958,13.57824242527221,15.035644799729102
72.45634591849581,0.013801413628074384,True,0.959295487466146,13.396849810942454,15.261402457389234
72.68231096246303,0.01375850584217737,True,0.9671323137859735,13.42833106030027,15.144470876121954
72.90968982151684,0.013715598056280356,True,0.978441058228731,13.565859204108664,14.905578625745862
73.13849580620705,0.013672690270383342,True,0.9783600046078377,13.617075168416802,14.830283927967809
73.36874239469475,0.013629782484486328,True,0.9753001698405561,13.615205184016764,14.838877075843303
73.60044323539887,0.013586874698589314,True,0.9773621533894634,13.562862342373176,14.894561220468482
73.83361214969314,0.0135439669126923,True,0.9824313205499767,13.469817722874659,14.984302057295894
74.06826313465436,0.013501059126795285,True,0.9879821201532586,13.484937039003505,14.930534162853917
74.3044103658634,0.013458151340898271,True,0.9871200763173237,13.600933874644316,14.769959062095499
74.54206820025985,0.013415243555001257,True,0.9831342971299308,13.662485622784754,14.707512445184927
74.78125117905157,0.013372335769104243,True,0.9815742334355594,13.683978532837259,14.70805741547066
75.0219740306806,0.013329427983207229,True,0.9780562659939719,13.763621020072799,14.651193423438922
75.26425167384645,0.013286520197310215,True,0.9700543763037306,13.80318831425082,14.666870271076322
75.50809922058811,0.0132436124114132,True,0.9594827850270228,13.674951791818618,14.907788400378987
75.75353197942621,0.013200704625516186,True,0.9512014031430914,13.51173523084541,15.198455925727576
76.00056545856678,0.013157796839619172,True,0.9503726937974051,13.394501440498814,15.39619077196102
76.24921536916764,0.013114889053722158,True,0.9557091186966957,13.305683490373106,15.52468686433635
76.49949762866937,0.013071981267825144,True,0.9586604097686973,13.23878760175593,15.635795981070782
76.75142836419197,0.01302907348192813,True,0.956229825896762,13.20800991374091,15.73386043132886
77.00502391599886,0.012986165696031116,True,0.9505287860823897,13.23095290302503,15.760697417765385
77.26030084102985,0.012943257910134101,True,0.9465944922288553,13.357695004183608,15.584712604950344
77.51727591650454,0.012900350124237087,True,0.9478346188364595,13.625302935245893,15.179016420049441
77.77596614359793,0.012857442338340073,True,0.9505199075640162,13.984880109887868,14.729292829742263
78.03638875118976,0.012814534552443059,True,0.94959454885498,14.106992904679261,14.672071512785505
78.29856119968966,0.012771626766546045,True,0.9420051671015008,13.86570072283919,15.139774500179291
78.56250118493939,0.01272871898064903,True,0.9295586508541392,13.648956272929107,15.675071098763102
78.8282266421945,0.012685811194752017,True,0.9224893798497122,13.578771517952378,15.991614861311872
79.09575575018685,0.012642903408855002,True,0.9227939842647634,13.734217041293956,15.875952293327703
79.36510693527042,0.012599995622957988,True,0.9248974528555693,14.027950914964618,15.524756304055243
79.63629887565182,0.012557087837060974,True,0.9258573282642103,14.176295792203968,15.378281201805166
79.90935050570802,0.01251418005116396,True,0.9279175001181554,14.193921447435073,15.377640260629445
80.18428102039316,0.012471272265266946,True,0.9319841728560154,14.189260153756225,15.355953728393455
80.46110987973664,0.012428364479369932,True,0.933256594381769,14.025342834347837,15.488133932267795
80.73985681343473,0.012385456693472918,True,0.9292101531294421,13.792101321007106,15.704478073336507
81.02054182553785,0.012342548907575903,True,0.923356533550813,13.563268772681935,15.949446530752544
81.3031851992362,0.01229964112167889,True,0.9214500652902636,13.410912063333607,16.117625912889718
81.58780750174562,0.012256733335781875,True,0.926475387343715,13.439929232155702,16.006215578027742
81.87442958929661,0.012213825549884861,True,0.9347326105636986,13.653004092593369,15.635651365984138
82.1630726122289,0.012170917763987847,True,0.940905964845841,14.010108557824708,15.147112742542815
82.45375802019402,0.012128009978090833,True,0.941747877141132,14.55189791016842,14.565867054823928
82.74650756746884,0.012085102192193818,True,0.9350071850838102,13.970299500318664,15.26930620876681
83.04134331838264,0.012042194406296804,True,0.9261780548383187,13.554073865962255,15.91069087142302
83.33828765286066,0.01199928662039979,True,0.9217331864657495,13.440672124876754,16.134876741293237
83.63736327208693,0.011956378834502776,True,0.922085439166239,13.619775543853816,15.877064993793084
83.93859320428956,0.011913471048605762,True,0.9245564837192736,14.00180566379889,15.353401928943345
84.24200081065148,0.011870563262708748,True,0.9286173985481199,14.477522115891103,14.780175074956155
84.54760979134981,0.011827655476811734,True,0.9363174901344417,14.253643571640444,14.973316491207594
84.8554441917272,0.01178474769091472,True,0.9463264085856574,13.902671479186978,15.337519583347321
85.16552840859842,0.011741839905017705,True,0.9521735755277513,13.724878509456614,15.556095213512362
85.47788719669582,0.011698932119120691,True,0.9515188971301703,13.714713267845948,15.620923254258617
85.79254567525706,0.011656024333223677,True,0.9500257802542309,13.858931384739316,15.50426508995984
86.10952933475896,0.011613116547326663,True,0.9515439268145092,14.059900405022633,15.290211130813123
86.42886404380116,0.011570208761429649,True,0.9576331992105056,14.17376448164604,15.135870946184356
86.75057605614342,0.011527300975532635,True,0.9694727354638788,14.240714935929644,15.010920566207833
87.07469201790089,0.01148439318963562,True,0.9697066016738756,14.216114136059801,15.018385914471315
87.40123897490103,0.011441485403738606,True,0.9587433744482097,14.014460178766795,15.292900744200452
87.73024438020694,0.011398577617841592,True,0.956260442805678,13.759229728170636,15.691053391701558
88.06173610181101,0.011355669831944578,True,0.9600046047260206,13.463026689760207,16.175649039027576
88.39574243050383,0.011312762046047564,True,0.9601694003598745,13.253898546218673,16.501660408642422
88.73229208792283,0.01126985426015055,True,0.9643481432107464,13.297852358851179,16.31741131960712
89.0714142347854,0.011226946474253536,True,0.9753711452970849,13.616828887668465,15.687074751714189
89.41313847931158,0.011184038688356521,True,0.9833857938797907,14.095715159045323,14.98005228101039
89.75749488584151,0.011141130902459507,True,0.9823011528477583,14.364932429237045,14.652888588609382
90.10451398365245,0.011098223116562493,True,0.9774735028679593,13.945882855064363,15.143548646553095
90.45422677598148,0.011055315330665479,True,0.9747579469055185,13.758830587314606,15.411216026007754
90.80666474925896,0.011012407544768465,True,0.9740417776619874,13.90072810582264,15.23222400029208
91.16185988255864,0.01096949975887145,True,0.9713724008364549,14.341142474095,14.710580300020354
91.51984465727057,0.010926591972974437,True,0.9698531910701906,14.149750839764987,14.930600842778984
91.88065206700273,0.010883684187077422,True,0.968803817773307,13.767694701782233,15.447602260904308
92.24431562771778,0.010840776401180408,True,0.966393936715315,13.636660399012538,15.68549424651881
92.61086938811161,0.010797868615283394,True,0.964910204998673,13.745655994442066,15.554930491325212
92.98034794024021,0.01075496082938638,True,0.9679340550316995,13.930498863700517,15.283330325333845
93.35278643040195,0.010712053043489366,True,0.9735278424682471,13.874263285641604,15.308814440978487
93.72822057028256,0.010669145257592352,True,0.9768457054344563,13.680953752718942,15.548539846251138
94.10668664836994,0.010626237471695337,True,0.9755638183788194,13.561082373630942,15.763225566798358
94.48822154164688,0.010583329685798323,True,0.9714934606287279,13.559721489956392,15.850202446823305
94.8728627275691,0.01054042189990131,True,0.9672598723236082,13.730832810130375,15.65392679076263
95.2606482963373,0.010497514114004295,True,0.962489802506519,14.060261605634759,15.202875669430346
95.65161696347123,0.010454606328107281,True,0.9596403123396315,14.191819944392885,14.998988218073151
96.04580808269475,0.010411698542210267,True,0.9597813157976385,13.880568666005482,15.363241305116203
96.44326165914086,0.010368790756313253,True,0.9610480332093146,13.634295133166772,15.743980619841299
96.8440183628858,0.010325882970416238,True,0.9631118123615536,13.617548952874602,15.838435401636813
97.24811954282222,0.010282975184519224,True,0.9663897249784498,13.903495668952756,15.478626568012752
97.65560724088094,0.01024006739862221,True,0.9682125393851705,14.305989866513448,15.002006866636375
98.06652420661183,0.010197159612725196,True,0.9667543990117117,14.10142995629891,15.26881541580373
98.48091391213444,0.010154251826828182,True,0.9642162002594041,13.861292746425551,15.619148533543724
98.89882056746914,0.010111344040931168,True,0.9645014984097677,13.696130620994772,15.88956744951028
99.3202891362605,0.010068436255034154,True,0.9698846796783944,13.599070648359815,16.033583529829098
99.74536535190413,0.01002552846913714,True,0.9784703541942503,13.745024166695707,15.75193992475541
100.17409573408968,0.009982620683240125,True,0.9842981294222534,14.128377599125656,15.17504492841164
100.60652760577223,0.009939712897343111,True,0.9856840412235577,14.474858137758549,14.762035325988673
101.04270911058512,0.009896805111446097,True,0.9847066572951191,14.552284549948109,14.703171872773593
101.48268923070776,0.009853897325549083,True,0.9843171614519303,14.202649157901542,15.125411656676553
101.9265178052023,0.009810989539652069,True,0.9837752436281224,13.876169878213567,15.562652446163334
102.37424554883349,0.009768081753755055,True,0.9797523364440408,13.784901028075486,15.685593780693132
102.82592407138696,0.00972517396785804,True,0.980073958209905,13.820919268723463,15.64844405196673
103.28160589750095,0.009682266181961026,True,0.9841416519442042,13.786320366729925,15.78200869601296
103.74134448702776,0.009639358396064012,True,0.9763149287095485,13.89084311906446,15.775664599141043
104.20519425594146,0.009596450610166998,True,0.9625589499207915,14.30552234896193,15.37455598940212
104.6732105978091,0.009553542824269984,True,0.9590610097004683,14.388321858830878,15.387315659747953
105.14544990584297,0.00951063503837297,True,0.9649922283805598,13.925651667720407,16.085021065818093
105.62196959555259,0.009467727252475956,True,0.9664635648523843,13.695587874510926,16.49287424458626
106.10282812801549,0.009424819466578941,True,0.9645880045074785,13.693434475504516,16.536337178525333
106.5880850337865,0.009381911680681927,True,0.9641898316769043,13.791492342504872,16.439440687467933
107.07780093746615,0.009339003894784913,True,0.9650306005524304,14.032563375168662,16.142150201847638
107.57203758294953,0.009296096108887899,True,0.9616983170874177,14.510174862400579,15.565736042387572
108.07085785937754,0.009253188322990885,True,0.9586914797442004,14.978624142372272,15.101896317620291
108.57432582781361,0.00921028053709387,True,0.9533497141570452,14.671275172528649,15.514361394686686
109.0825067486695,0.009167372751196856,True,0.9450405140156949,14.622391191786331,15.68513925170587
109.59546710990507,0.009124464965299842,True,0.9416616058663116,14.723046467291597,15.703644884856217
110.11327465602727,0.009081557179402828,True,0.9454127433405771,15.04838385489848,15.460148073604973
110.63599841791526,0.009038649393505814,True,0.950156271035703,14.989007896772733,15.604205422475967
111.16370874349899,0.0089957416076088,True,0.9520222949548892,14.648315352529588,16.030133860445122
111.69647732932002,0.008952833821711786,True,0.9528112457560988,14.662059780957728,15.968319086706886
112.23437725300428,0.008909926035814772,True,0.9543417727977762,14.975930559887201,15.534676741496403
112.7774830066776,0.008867018249917757,True,0.9599245302549121,15.073558398696793,15.397989434419815
113.32587053135617,0.008824110464020743,True,0.966701931219154,14.964487525067218,15.532484009685842
113.87961725234533,0.00878120267812373,True,0.9682669927949512,14.947067629316543,15.607864394855419
114.43880211568111,0.008738294892226715,True,0.9607877334523456,14.913021020176425,15.704835264777856
115.00350562565089,0.0086953871063297,True,0.9578269341752338,15.034679686811575,15.572472341023108
115.57380988343036,0.008652479320432687,True,0.9673843622154759,15.19500008308829,15.335185737400668
116.14979862687575,0.008609571534535673,True,0.9806128006357766,14.80461481162644,15.662470975621384
116.73155727151209,0.008566663748638658,True,0.9858583968585468,14.617239780636634,15.824808058568072
117.31917295275926,0.008523755962741644,True,0.9788814316257253,14.708766423964702,15.743461087354019
117.91273456944,0.00848084817684463,True,0.9636924388491174,15.001501406081191,15.521190115770917
118.51233282861529,0.008437940390947616,True,0.9550659837228728,15.144802823384309,15.505819065678082
119.1180602917947,0.008395032605050602,True,0.9571139998835672,15.066039683693015,15.713146773901325
119.73001142257127,0.008352124819153588,True,0.9612504367382978,15.089673866713165,15.789842836205606
120.34828263573192,0.008309217033256574,True,0.953554912332542,15.116121907609699,15.871353098513499
120.97297234789782,0.00826630924735956,True,0.9405592485352687,15.11728195510461,15.984856454858072
121.60418102974975,0.008223401461462545,True,0.9300427276891544,15.24717582999715,15.905862256350888
122.24201125989727,0.008180493675565531,True,0.9266475857518137,15.479388438031153,15.657852935822884
122.886567780452,0.008137585889668517,True,0.9310762207939799,15.35981698934987,15.761847857910386
123.5379575543685,0.008094678103771503,True,0.9407285326062425,15.311642735209324,15.82728418760792
124.19628982461842,0.008051770317874489,True,0.9449915697719926,15.314972031012388,15.873828261886969
124.86167617526695,0.008008862531977474,True,0.9371447295248021,15.296483359178733,15.900418149893078
125.53423059452307,0.00796595474608046,True,0.9407375153073247,15.354130645053534,15.719943180730477
126.21406953983856,0.007923046960183446,True,0.9559851663878398,15.212161215687471,15.663268533141459
126.9013120051338,0.007880139174286432,True,0.9695129846711041,15.042118365278833,15.669941280664732
127.59607959023192,0.007837231388389418,True,0.9667822837428641,15.071247909388044,15.589068191976033
128.2984965725863,0.007794323602492404,True,0.9603932323076987,14.90813887419532,15.850603472994706
129.00868998139032,0.00775141581659539,True,0.9580165561021108,14.64380567365482,16.2812861963642
129.7267896741624,0.0077085080306983755,True,0.9580078092862349,14.441546731869286,16.581093019766207
130.45292841590293,0.007665600244801361,True,0.9598392667776067,14.32088848661829,16.69872473905824
131.1872419609246,0.007622692458904347,True,0.9623584852056648,14.339179317635512,16.61465188944411
131.9298691374623,0.007579784673007333,True,0.9638693937097814,14.536983336640988,16.332336378662156
132.68095193517294,0.007536876887110319,True,0.9650745661470901,14.854455204495624,15.954788701093927
133.44063559564128,0.007493969101213305,True,0.9654187966404372,15.18467041517093,15.597831641241072
134.20906870601306,0.007451061315316291,True,0.9627036865888678,15.25940801337323,15.529365436815997
134.98640329588173,0.0074081535294192764,True,0.9608998332301669,15.004450839242756,15.850576496249571
135.77279493756208,0.007365245743522262,True,0.9622066022486419,14.83411421290893,16.14744249925411
136.56840284988922,0.007322337957625248,True,0.963893481919568,14.771191161891355,16.342711600059225
137.3733900056887,0.007279430171728234,True,0.9630431539661457,14.77006913823423,16.441267238642826
138.18792324306966,0.00723652238583122,True,0.9611054434629356,14.788921180591938,16.49254730258619
139.01217338070157,0.007193614599934206,True,0.958053962303254,14.846417089772837,16.49267673502713
139.84631533724058,0.0071507068140371915,True,0.9570588009673817,14.954354773674147,16.42623172877789
140.690528255082,0.007107799028140177,True,0.9618296881096137,15.088691851236963,16.297556378077807
141.54499562862222,0.007064891242243163,True,0.9650408534076311,15.238657880407223,16.11368489686088
142.40990543722307,0.007021983456346149,True,0.9586153115806288,15.39299693093966,15.93455013837127
143.28545028308105,0.006979075670449135,True,0.9537043822329394,15.503102353390554,15.867417159690271
144.17182753421366,0.006936167884552121,True,0.9516775148086736,15.466138099283487,16.02012234913632
145.06923947278628,0.006893260098655107,True,0.9497808518287857,15.33308877321749,16.285056418019295
145.97789344901292,0.0068503523127580925,True,0.9533162834309937,15.230932109716798,16.453352409779438
146.89800204087763,0.006807444526861078,True,0.9607132002440115,15.240831799968005,16.421993292375863
147.8297832199345,0.006764536740964064,True,0.9625498909165634,15.37395482733726,16.256055332920205
148.773460523458,0.00672162895506705,True,0.9614259765870596,15.45398740721873,16.22219502795604
149.72926323322912,0.006678721169170036,True,0.9556584980298886,15.274033777802806,16.537363353462503
150.6974265612581,0.006635813383273022,True,0.9458108410677355,15.078980336004287,16.86901971163502
151.67819184275936,0.006592905597376008,True,0.9441661017435277,15.010558478851578,16.98808457414591
152.67180673671086,0.0065499978114789935,True,0.951843640774414,15.060634413102044,16.935336455140774
153.67852543434918,0.006507090025581979,True,0.9599744602044511,15.150425522077215,16.875613992359163
154.6986088759675,0.006464182239684965,True,0.9632819993149899,15.256420251110686,16.827806922391737
155.73232497640615,0.006421274453787951,True,0.9640424987198036,15.416054485133621,16.68774409785471
156.77994885964415,0.006378366667890937,True,0.9655709468497191,15.606396298711925,16.47192599519314
157.84176310292392,0.006335458881993923,True,0.9695234879745241,15.744789905919825,16.318950687695374
158.91805799086347,0.006292551096096909,True,0.9652195773818594,15.817514200438797,16.285356370883303
160.00913178003674,0.0062496433101998945,True,0.9529351975639031,15.898301399220973,16.2957774289026
161.1152909745283,0.00620673552430288,True,0.9393682320524971,16.044784569126097,16.25500062236547
162.23685061299705,0.006163827738405866,True,0.9334270076818983,16.10650526933985,16.28309319145689
163.3741345678142,0.006120919952508852,True,0.9367471202983079,15.906126982098975,16.558572136114616
164.52747585687143,0.006078012166611838,True,0.9330490032679252,15.731184293959643,16.79562254482206
165.69721696869073,0.006035104380714824,True,0.9279409365498102,15.600594711295214,16.97658353334708
166.8837102015016,0.00599219659481781,True,0.9293379302776713,15.480037032995673,17.16934722488506
168.0873180169918,0.005949288808920795,True,0.9363898377287525,15.374149259162097,17.417955253261503
169.308413409477,0.005906381023023781,True,0.9306201868740915,15.371004366400545,17.617374260577463
170.54738029127978,0.005863473237126767,True,0.9087836982155097,15.538920959271321,17.596853361129266
171.80461389515392,0.005820565451229753,True,0.9004500587439165,15.764399432330046,17.407140924870827
173.08052119464045,0.005777657665332739,True,0.9130009709657406,15.805446656028558,17.30006554949911
174.37552134329454,0.005734749879435725,True,0.9371585866027069,15.797685999109495,17.14667557792896
175.69004613377876,0.0056918420935387105,True,0.9489215235779551,15.999725732295495,16.788459866034948
177.02454047787955,0.005648934307641696,True,0.9459293109708948,16.287958630974256,16.505661235968955
178.3794629085673,0.005606026521744682,True,0.9425257163474049,16.27589393431302,16.65096513401905
179.75528610529057,0.005563118735847668,True,0.9413040534552888,16.294780428329002,16.741262723709223
181.15249744376874,0.005520210949950654,True,0.9413628448326777,16.04382304345338,17.038878982135763
182.57159957162577,0.00547730316405364,True,0.940716165715621,15.8569518509766,17.229248046423272
184.01311101129434,0.005434395378156626,True,0.9413869696341343,15.903721588940398,17.189788706579264
185.47756679170854,0.0053914875922596115,True,0.9392638421422237,16.040918587468635,17.143732402057157
186.96551911040268,0.005348579806362597,True,0.9309492303319291,16.10634078351435,17.225703289049576
188.47753802773659,0.005305672020465583,True,0.9248229792997983,16.03166462332099,17.430478953019474
190.01421219508194,0.005262764234568569,True,0.9268104995596652,15.83415484367816,17.737390391905123
191.57614961892264,0.005219856448671555,True,0.9296246699908802,15.735167441607038,17.90797599836158
193.16397846295402,0.005176948662774541,True,0.9220138069089053,15.811686786284383,17.863314121327882
194.7783478904029,0.005134040876877527,True,0.9078172708996597,15.957151863028198,17.748793604022065
196.41992894894204,0.0050911330909805125,True,0.8957593377091955,16.128450259942596,17.588793473464545
198.08941550073305,0.005048225305083498,True,0.8914401082610183,16.360821880261657,17.33923660313961
199.78752520030542,0.005005317519186484,True,0.8916675478903666,16.534090066149552,17.181467852733686
201.51500052316769,0.00496240973328947,True,0.8911251501773905,16.53443482629471,17.25297654772878
203.2726098482474,0.004919501947392456,True,0.8923596043267219,16.518831904002962,17.364247980773712
205.06114859747586,0.004876594161495442,True,0.8979620402743915,16.496100337454514,17.482888948528934
206.8814404360681,0.004833686375598428,True,0.9044968673056458,16.502780307302086,17.560184890004678
208.73433853730344,0.0047907785897014134,True,0.9093240246327515,16.602330035965124,17.526045960302945
210.62072691588716,0.004747870803804399,True,0.9139768484383469,16.677353631675448,17.505896016521255
212.54152183427098,0.004704963017907385,True,0.919949501277035,16.522953364384982,17.703583795287994
214.4976732866333,0.004662055232010371,True,0.928521101416683,16.310693759371546,17.92152005500374
216.4901665655683,0.004619147446113357,True,0.9405196295815207,16.230720996316013,17.96499712266584
218.52002391691278,0.004576239660216343,True,0.94892615651398,16.321617053380344,17.86245453844391
220.58830628855034,0.0045333318743193286,True,0.9438984339377452,16.51995400198508,17.74437012085729
222.6961151794784,0.004490424088422314,True,0.9363055265277522,16.785986640899093,17.61308440721164
224.8445945959096,0.0044475163025253,True,0.9311590739907731,16.794158048147434,17.744388618009644
227.03493312170605,0.004404608516628287,True,0.9355970636312223,16.40195679760546,18.29129502437255
229.2683661110198,0.004361700730731273,True,0.93807340030472,16.1629280875161,18.61818664458827
231.5461780116381,0.004318792944834259,True,0.9220832574813053,16.221503722211818,18.52894733001381
233.86970482821533,0.0042758851589372445,True,0.9068458485549824,16.32242103363739,18.452807841030488
236.24033673531662,0.00423297737304023,True,0.9054024023951065,16.312313711278772,18.588640376573757
238.65952085101256,0.004190069587143216,True,0.9216090184375808,16.440542485034232,18.5024696107761
241.12876418265253,0.004147161801246202,True,0.9386778539145749,16.666905871722648,18.21474724916219
243.64963675741706,0.004104254015349188,True,0.9415411554385829,16.795982463840506,17.996245239351232
246.22377495131408,0.004061346229452174,True,0.9456884343570505,16.988539523829747,17.69556271414294
248.85288503145225,0.00401843844355516,True,0.9450349486088826,16.978899884693682,17.69020598200284
251.53874692770378,0.0039755306576581455,True,0.944832586519572,16.678853626569175,18.151845588422596
254.28321825127713,0.003932622871761131,True,0.9476236000683509,16.631817263795142,18.43733278525951
257.0882385792649,0.0038897150858641172,True,0.9423119811425933,16.83187094297349,18.439497593689623
259.9558340259341,0.003846807299967103,True,0.9338564919897672,17.098766930672518,18.31585092929758
262.88812212340014,0.003803899514070089,True,0.9261816384394607,17.244838112598924,18.264637682483155
265.88731703639144,0.0037609917281730748,True,0.9202474687626755,17.232430219626334,18.349456032623696
268.95573513809387,0.0037180839422760606,True,0.924747820587379,17.203603163670916,18.44467849444906
272.09580097658403,0.0036751761563790465,True,0.9416886911770634,17.329991383005048,18.34430789748708
275.31005366414917,0.0036322683704820323,True,0.9554192478035186,17.59993030657685,18.06178201430084
278.60115372488116,0.003589360584585018,True,0.9429994698552217,17.500194804306922,18.1899379445033
281.9718904393556,0.003546452798688004,True,0.9323059079798977,17.276596718072724,18.554574919883397
285.42518972901144,0.00350354501279099,True,0.9257717270621721,17.222074653613856,18.885508303253097
288.9641226270717,0.0034606372268939757,True,0.9213586361220383,17.45375707067019,18.946256437701724
292.5919143875523,0.0034177294409969616,True,0.921213276524156,18.004619573302758,18.5597659641785
296.3119542891473,0.0033748216550999474,True,0.9257757849151895,17.825176905477267,18.831947185280434
300.12780619662954,0.0033319138692029333,True,0.9273745036311978,17.41445746328472,19.335487594265768
304.0432199489451,0.003289006083305919,True,0.9233377940231895,17.2892458862568,19.689760119679722
308.06214365049215,0.003246098297408905,True,0.8954113119691736,17.331168479116315,20.185306084225118
312.18873695027423,0.003203190511511891,True,0.8552462267452194,17.66464528833661,20.414624223824667
316.4273854028159,0.0031602827256148767,True,0.8486010971138394,18.346528167317146,19.913540043810574
320.78271601506646,0.0031173749397178626,True,0.8735118377033703,19.06396154089088,19.169585532454818
325.2596140951554,0.0030744671538208484,True,0.8532094039761828,18.63491053349929,19.943111516851673
329.8632415319812,0.0030315593679238343,True,0.7605552211009182,18.985414805845366,21.215371859225698
334.5990566494298,0.00298865158202682,True,0.5871464512924666,20.59446517762275,23.871091230830395
339.4728357957762,0.002945743796129806,True,0.3796592424175555,24.467931146118804,29.159213553833137
344.4906968478062,0.002902836010232792,True,0.20252599742163027,33.04147773135042,39.75870513164621
349.6591248307469,0.0028599282243357777,False,0.08152447420203503,,
354.9849998795946,0.0028170204384387635,False,0.01871903180826505,,
360.4756277953461,0.0027741126525417494,False,0.0010324315831033797,,
366.13877348149737,0.0027312048666447352,False,8.541173167224388e-05,,
371.9826975826127,0.002688297080747721,False,0.0033876961025532835,,
378.01619668852373,0.002645389294850707,False,0.03513987345700256,,
384.24864751567134,0.002602481508953693,False,0.12208830837654486,,
390.6900555322884,0.0025595737230566786,True,0.2691620005406777,30.471400078800826,37.40733016285386
397.3511085577812,0.0025166659371596645,True,0.4690245786170104,23.949289847488316,28.597313565997727
404.2432359402564,0.0024737581512626504,True,0.6845329364273108,21.328268093303283,23.948959775206866
411.3786740014271,0.002430850365365636,True,0.8391329298704016,20.79703573614082,21.476356437521524
418.7705385372061,0.002387942579468622,True,0.9001553491679576,20.351142254483342,21.312328833941468
426.43290527768625,0.002345034793571608,True,0.9139242463272592,20.127440939607297,21.822581678997725
434.3808993449549,0.0023021270076745938,True,0.9090074111027067,20.35127530951762,21.731145742913117
442.63079490497097,0.0022592192217775796,True,0.9245778263082732,20.609358881473415,21.34346734898968
451.2001263950022,0.0022163114358805655,True,0.9437490955947393,20.656020358468353,21.29389790921987
460.10781292631407,0.0021734036499835513,True,0.9471005322420651,20.56827520936762,21.78101386092004
469.3742977195386,0.002130495864086537,True,0.92146858478913,20.97809290999513,21.97725523757203
479.0217047355711,0.002087588078189523,True,0.8930938257601889,21.138783393940457,22.374441688228615
489.0740150279404,0.002044680292292509,True,0.8847439916070042,20.49019226032883,23.52225008892215
499.5572657757483,0.0020017725063954947,True,0.9114224538198542,20.40578355975969,23.720171177429386
510.4997754748096,0.0019588647204984806,True,0.9514933253405549,21.163498375434827,22.80560621526578
521.9323993876759,0.0019159569346014667,True,0.9499684033400712,21.712340148320024,22.487861323398928
533.8888201047358,0.0018730491487044525,True,0.9360259332714687,21.36483498166824,23.33981235759743
546.4058789786594,0.0018301413628074384,True,0.9432712886519099,21.59057720428794,23.460543962795217
559.5239553011821,0.0017872335769104242,True,0.9609065750125252,21.914443914483613,23.41469100898134
573.2874014429523,0.00174432579101341,True,0.9560252721445214,22.036868527715022,23.671875515594753
587.7450438357087,0.001701418005116396,True,0.9520511424776235,22.09015841810795,24.125194021827465
602.9507617207655,0.0016585102192193818,True,0.9404514182644512,22.11081761933371,24.67610510338675
618.9641581212362,0.0016156024333223676,True,0.9274488326721472,22.079351099768882,25.255567010720807
635.8513406509601,0.0015726946474253535,True,0.9314011425180923,22.196159787638774,25.547120660004715
653.6858337251938,0.0015297868615283393,True,0.9433966221911902,22.72407479784065,25.271831344855663
672.54964871666,0.0014868790756313252,True,0.9394788968663011,23.388968270373947,25.01464616971872
692.5345449105146,0.0014439712897343113,True,0.9199916814129208,23.656585861872696,25.438007924530012
713.7435221609542,0.001401063503837297,True,0.9004568552492147,23.98706868210578,25.88100984134124
736.2925964900066,0.001358155717940283,True,0.8901608620806167,24.242808069731026,26.438677691195654
760.3129232421421,0.0013152479320432688,True,0.8866653724485004,24.536097327371568,26.96359651523428
785.9533498403426,0.0012723401461462547,True,0.8768581765533493,25.209180991520928,27.082560065396358
813.3835030967233,0.0012294323602492405,True,0.854263226244106,25.99416874293138,27.226735365905782
842.7975463937963,0.0011865245743522264,True,0.829154949600038,26.6207431728483,27.632643113038103
874.4187826682672,0.0011436167884552122,True,0.8197805886313025,27.03096205820522,28.13023458933263
908.5053339946011,0.001100709002558198,True,0.8363401385139977,27.09400721567026,28.650032467703937
945.357203460565,0.001057801216661184,True,0.8617911813924947,27.28741783438114,28.658928975141915
985.3251284196847,0.0010148934307641698,True,0.873852773810642,27.453496699801104,28.699931728665952
1028.821778676241,0.0009719856448671556,True,0.8879728621155252,27.72988047247382,29.10186161796647
1076.3360576781733,0.0009290778589701415,True,0.8956997837495302,28.687644381047352,29.5295684777389
1128.4515584374506,0.0008861700730731273,True,0.885906583318107,29.433650463450967,30.936917960992425
1185.8706540153296,0.0008432622871761132,True,0.8496510768098108,30.33834916698527,32.523085465599316
1249.446337094168,0.000800354501279099,True,0.7942509689101542,31.473400434802674,33.68950343480459
1320.224881423589,0.0007574467153820849,True,0.7781483729561538,32.231363886460905,35.06326900351704
1399.5038740865323,0.0007145389294850707,True,0.7954689383819227,33.81499111935186,35.55929006488365
1488.912492439969,0.0006716311435880566,True,0.8161822176922966,34.88688409673953,37.372006599421894
1590.5246524838108,0.0006287233576910425,True,0.7826105361943022,34.746228701969756,42.135970342290314
1707.0218822240495,0.0005858155717940283,True,0.6911067588018058,36.322480271912475,45.378948797740534
1841.9334295376877,0.0005429077858970142,True,0.6579499551566016,40.29574218527096,44.96797807524624
2000.0,0.0005,True,0.7014728151300187,43.214062906727,46.68978208516466
