period_days,wideband_delta_chi2,narrowband_delta_chi2
1.000000000000000000e+02,4.587444351586180247e+00,2.237237975614265295e+00
1.000499999999999972e+02,4.652565347713178312e+00,2.293646434601161577e+00
1.000999999999999943e+02,4.719822584410581001e+00,2.353986702603239500e+00
1.001500000000000057e+02,4.788990687576371919e+00,2.418076013142411274e+00
1.002000000000000028e+02,4.859850211847063228e+00,2.485715705446856827e+00
1.002500000000000000e+02,4.932190834734731411e+00,2.556692728567643513e+00
1.002999999999999972e+02,5.005814243834412203e+00,2.630781256290319892e+00
1.003499999999999943e+02,5.080536693787655267e+00,2.707744412750335616e+00
1.004000000000000057e+02,5.156191211648990524e+00,2.787336104706002349e+00
1.004500000000000028e+02,5.232629430987094210e+00,2.869302951904038501e+00
1.005000000000000000e+02,5.309723036760818360e+00,2.953386302102531946e+00
1.005499999999999972e+02,5.387364805033274529e+00,3.039324312335621503e+00
1.005999999999999943e+02,5.465469224187117447e+00,3.126854073168444881e+00
1.006500000000000057e+02,5.543972687697639401e+00,3.215713748267370775e+00
1.007000000000000028e+02,5.622833252861846987e+00,3.305644697851422009e+00
1.007500000000000000e+02,5.702029965253339050e+00,3.396393551737907135e+00
1.007999999999999972e+02,5.781561755067916586e+00,3.487714195932636763e+00
1.008499999999999943e+02,5.861445918855133996e+00,3.579369636206311878e+00
1.009000000000000057e+02,5.941716208212969086e+00,3.671133702911272945e+00
1.009500000000000028e+02,6.022420555592504776e+00,3.762792563457593165e+00
1.010000000000000000e+02,6.103618476083575217e+00,3.854146012323500070e+00
1.010499999999999972e+02,6.185378192545234022e+00,3.945008513097270519e+00
1.010999999999999943e+02,6.267773539286029205e+00,4.035209972658670985e+00
1.011500000000000057e+02,6.350880706276003096e+00,4.124596233962064318e+00
1.012000000000000028e+02,6.434774891188352441e+00,4.213029280717033309e+00
1.012500000000000000e+02,6.519526930088359151e+00,4.300387154282272917e+00
1.012999999999999972e+02,6.605199979055374371e+00,4.386563590002417357e+00
1.013499999999999943e+02,6.691846318282963502e+00,4.471467386758286366e+00
1.014000000000000057e+02,6.779504347213821447e+00,4.555021529420127280e+00
1.014500000000000028e+02,6.868195834108670184e+00,4.637162088998329601e+00
1.015000000000000000e+02,6.957923476318537581e+00,4.717836929435899052e+00
1.015499999999999972e+02,7.048668818724116214e+00,4.797004253081790459e+00
1.015999999999999943e+02,7.140390567711149217e+00,4.874631018914217684e+00
1.016500000000000057e+02,7.233023327103276223e+00,4.950691268548602864e+00
1.017000000000000028e+02,7.326476771145383537e+00,5.025164395049461774e+00
1.017500000000000000e+02,7.420635258387931366e+00,5.098033388672821964e+00
1.017999999999999972e+02,7.515357879606773039e+00,5.169283092016438985e+00
1.018499999999999943e+02,7.610478923085678638e+00,5.238898494815822815e+00
1.019000000000000057e+02,7.705808732009093553e+00,5.306863095929737817e+00
1.019500000000000028e+02,7.801134921582987047e+00,5.373157357076296492e+00
1.020000000000000000e+02,7.896223917969972916e+00,5.437757269736575694e+00
1.020499999999999972e+02,7.990822777233711705e+00,5.500633053470910028e+00
1.020999999999999943e+02,8.084661240215407219e+00,5.561748000789341617e+00
1.021500000000000057e+02,8.177453978505091925e+00,5.621057480767909453e+00
1.022000000000000028e+02,8.268902987268027971e+00,5.678508110860269298e+00
1.022500000000000000e+02,8.358700082443764501e+00,5.734037103859476403e+00
1.022999999999999972e+02,8.446529462528658883e+00,5.787571794725897334e+00
1.023499999999999943e+02,8.532070298547280274e+00,5.839029350022894249e+00
1.024000000000000057e+02,8.614999319684901735e+00,5.888316660958571980e+00
1.024500000000000028e+02,8.694993366172106164e+00,5.935330419507163668e+00
1.025000000000000000e+02,8.771731885185714006e+00,5.979957375724588964e+00
1.025499999999999972e+02,8.844899349590418680e+00,6.022074773147355842e+00
1.025999999999999943e+02,8.914187583147926475e+00,6.061550958016666435e+00
1.026500000000000057e+02,8.979297979258504370e+00,6.098246156964277631e+00
1.027000000000000028e+02,9.039943603293400187e+00,6.132013416680905493e+00
1.027500000000000000e+02,9.095851171075111097e+00,6.162699697929268083e+00
1.027999999999999972e+02,9.146762898045095014e+00,6.190147115029206226e+00
1.028499999999999943e+02,9.192438215118590605e+00,6.214194310608633032e+00
1.029000000000000057e+02,9.232655348197235767e+00,6.234677953962934893e+00
1.029500000000000028e+02,9.267212758814153517e+00,6.251434349806947566e+00
1.030000000000000000e+02,9.295930443490188821e+00,6.264301142529605571e+00
1.030499999999999972e+02,9.318651089143772381e+00,6.273119099310823010e+00
1.030999999999999943e+02,9.335241081392307905e+00,6.277733953652732346e+00
1.031500000000000057e+02,9.345591361900146055e+00,6.277998289071491378e+00
1.032000000000000028e+02,9.349618130147106854e+00,6.273773440939367063e+00
1.032500000000000000e+02,9.347263384209179904e+00,6.264931392834332868e+00
1.032999999999999972e+02,9.338495294446939710e+00,6.251356642316807211e+00
1.033499999999999943e+02,9.323308403477774675e+00,6.232948009896045249e+00
1.034000000000000057e+02,9.301723645553549247e+00,6.209620364147946603e+00
1.034500000000000028e+02,9.273788178548590722e+00,6.181306235589588916e+00
1.035000000000000000e+02,9.239575022254038927e+00,6.147957292073465752e+00
1.035499999999999972e+02,9.199182497625704613e+00,6.109545649203057316e+00
1.035999999999999943e+02,9.152733463076524245e+00,6.066064990635105403e+00
1.036500000000000057e+02,9.100374345858094571e+00,6.017531475161334242e+00
1.037000000000000028e+02,9.042273969028618907e+00,5.963984410147642024e+00
1.037500000000000000e+02,8.978622177417957317e+00,5.905486674243435985e+00
1.037999999999999972e+02,8.909628269326733019e+00,5.842124876203433459e+00
1.038499999999999943e+02,8.835519244324631316e+00,5.774009241116073277e+00
1.039000000000000057e+02,8.756537881364678810e+00,5.701273220205567149e+00
1.039500000000000028e+02,8.672940665342022015e+00,5.624072825541293952e+00
1.040000000000000000e+02,8.584995584075006292e+00,5.542585696301332021e+00
1.040499999999999972e+02,8.492979821302711230e+00,5.457009908544218746e+00
1.040999999999999943e+02,8.397177374525069737e+00,5.367562545569183996e+00
1.041500000000000057e+02,8.297876629205267918e+00,5.274478050731588041e+00
1.042000000000000028e+02,8.195367922871925614e+00,5.178006388866824850e+00
1.042500000000000000e+02,8.089941133890748759e+00,5.078411046127556894e+00
1.042999999999999972e+02,7.981883330030616897e+00,4.975966900927399017e+00
1.043499999999999943e+02,7.871476511388637576e+00,4.870958000737404703e+00
1.044000000000000057e+02,7.758995480744562911e+00,4.763675280626779696e+00
1.044500000000000028e+02,7.644705872027298454e+00,4.654414259672087439e+00
1.045000000000000000e+02,7.528862364358730019e+00,4.543472750680892069e+00
1.045499999999999972e+02,7.411707105207594459e+00,4.431148617149931468e+00
1.045999999999999943e+02,7.293468361670549349e+00,4.317737609070880112e+00
1.046500000000000057e+02,7.174359413960956999e+00,4.203531306222727970e+00
1.047000000000000028e+02,7.054577700006591456e+00,4.088815194070789971e+00
1.047500000000000000e+02,6.934304214806617850e+00,3.973866893464285788e+00
1.047999999999999972e+02,6.813703163061557433e+00,3.858954561133868033e+00
1.048499999999999943e+02,6.692921858716132988e+00,3.744335473678858772e+00
1.049000000000000057e+02,6.572090860601439211e+00,3.630254803433047961e+00
1.049500000000000028e+02,6.451324329430595306e+00,3.516944590442284468e+00
1.050000000000000000e+02,6.330720588088897927e+00,3.404622910869917973e+00
1.050499999999999972e+02,6.210362864516632442e+00,3.293493238569731751e+00
1.050999999999999943e+02,6.090320194533479281e+00,3.183743993387723847e+00
1.051500000000000057e+02,5.970648460697941751e+00,3.075548267029315497e+00
1.052000000000000028e+02,5.851391542698736181e+00,2.969063715077080889e+00
1.052500000000000000e+02,5.732582554787908791e+00,2.864432601978869286e+00
1.052999999999999972e+02,5.614245146321667157e+00,2.761781984536098911e+00
1.053499999999999943e+02,5.496394842487029031e+00,2.661224018582386996e+00
1.054000000000000057e+02,5.379040403684079763e+00,2.562856373124245746e+00
1.054500000000000028e+02,5.262185183708107061e+00,2.466762736168703452e+00
1.055000000000000000e+02,5.145828468750790918e+00,2.373013396747137627e+00
1.055499999999999972e+02,5.029966781235502893e+00,2.281665888201994008e+00
1.055999999999999943e+02,4.914595134543549015e+00,2.192765678587678124e+00
1.056500000000000057e+02,4.799708226714518133e+00,2.106346894994528540e+00
1.057000000000000028e+02,4.685301563164835592e+00,2.022433069689502538e+00
1.057500000000000000e+02,4.571372500320628696e+00,1.941037897135310608e+00
1.057999999999999972e+02,4.457921203777930330e+00,1.862165992162447825e+00
1.058499999999999943e+02,4.344951516163418681e+00,1.785813640791389378e+00
1.059000000000000057e+02,4.232471731264217496e+00,1.711969536406365844e+00
1.059500000000000028e+02,4.120495272224093064e+00,1.640615495148288971e+00
1.060000000000000000e+02,4.009041272667757561e+00,1.571727145495639189e+00
1.060499999999999972e+02,3.898135060531199958e+00,1.505274588037418981e+00
1.060999999999999943e+02,3.787808545150907147e+00,1.441223022388604669e+00
1.061500000000000057e+02,3.678100508822196524e+00,1.379533339060828201e+00
1.062000000000000028e+02,3.569056804589711085e+00,1.320162674871106390e+00
1.062500000000000000e+02,3.460730462505727800e+00,1.263064931149072034e+00
1.062999999999999972e+02,3.353181706996346101e+00,1.208191254593968811e+00
1.063499999999999943e+02,3.246477888337922391e+00,1.155490481135106773e+00
1.064000000000000057e+02,3.140693331571094760e+00,1.104909543572645036e+00
1.064500000000000028e+02,3.035909106493368981e+00,1.056393844122359038e+00
1.065000000000000000e+02,2.932212722672026040e+00,1.009887593265145878e+00
1.065499999999999972e+02,2.829697753727537624e+00,9.653341165166611226e-01
1.065999999999999943e+02,2.728463395446786954e+00,9.226761308902340364e-01
1.066500000000000057e+02,2.628613962610302668e+00,8.818559929323812607e-01
1.067000000000000028e+02,2.530258329747318236e+00,8.428159202753677803e-01
1.067500000000000000e+02,2.433509321371879253e+00,8.054981886741170438e-01
1.067999999999999972e+02,2.338483057594191283e+00,7.698453064889252406e-01
1.068499999999999943e+02,2.245298261335208156e+00,7.358001685392944191e-01
1.069000000000000057e+02,2.154075533695629652e+00,7.033061911972564584e-01
1.069500000000000028e+02,2.064936604326744973e+00,6.723074305124551175e-01
1.070000000000000000e+02,1.978003563914507046e+00,6.427486850712977873e-01
1.070499999999999972e+02,1.893398086105384515e+00,6.145755851926120172e-01
1.070999999999999943e+02,1.811240646361731654e+00,5.877346699536325492e-01
1.071500000000000057e+02,1.731649745330073875e+00,5.621734534289946073e-01
1.072000000000000028e+02,1.654741144319146651e+00,5.378404814107585752e-01
1.072500000000000000e+02,1.580627120418927944e+00,5.146853797642699790e-01
1.072999999999999972e+02,1.509415748631750764e+00,4.926588954631834771e-01
1.073499999999999943e+02,1.441210218132761067e+00,4.717129312394482410e-01
1.074000000000000057e+02,1.376108189428030482e+00,4.518005746813923973e-01
1.074500000000000028e+02,1.314201198731990372e+00,4.328761225167379045e-01
1.075000000000000000e+02,1.255574115348893960e+00,4.148951007276179825e-01
1.075499999999999972e+02,1.200304657219399829e+00,3.978142810622011249e-01
1.075999999999999943e+02,1.148462969091597285e+00,3.815916944327148452e-01
1.076500000000000057e+02,1.100111267007347404e+00,3.661866416219744513e-01
1.077000000000000028e+02,1.055303551971400688e+00,3.515597016612717063e-01
1.077500000000000000e+02,1.014085394805605889e+00,3.376727381883423140e-01
1.077999999999999972e+02,9.764937933010250370e-01,3.244889040493644239e-01
1.078499999999999943e+02,9.425571018779931309e-01,3.119726443673431771e-01
1.079000000000000057e+02,9.122950330703045729e-01,3.000896982654700507e-01
1.079500000000000028e+02,8.857187292729407080e-01,2.888070994033122285e-01
1.080000000000000000e+02,8.628309023539121325e-01,2.780931754577751769e-01
1.080499999999999972e+02,8.436260379406437249e-01,2.679175466577887188e-01
1.080999999999999943e+02,8.280906604613935684e-01,2.582511234613326101e-01
1.081500000000000057e+02,8.162036543655639687e-01,2.490661034441971622e-01
1.082000000000000028e+02,8.079366363696107722e-01,2.403359674530921586e-01
1.082500000000000000e+02,8.032543730852088615e-01,2.320354750579594616e-01
1.082999999999999972e+02,8.021152379878703220e-01,2.241406593221024479e-01
1.083499999999999943e+02,8.044717013794934202e-01,2.166288208915460589e-01
1.084000000000000057e+02,8.102708467878048104e-01,2.094785213875330898e-01
1.084500000000000028e+02,8.194549071283925290e-01,2.026695760684812941e-01
1.085000000000000000e+02,8.319618139275872792e-01,1.961830457089923097e-01
1.085499999999999972e+02,8.477257529635828792e-01,1.900012276252331378e-01
1.085999999999999943e+02,8.666777198218462708e-01,1.841076457570898772e-01
1.086500000000000057e+02,8.887460690749844350e-01,1.784870396992810360e-01
1.087000000000000028e+02,9.138570510782736411e-01,1.731253525564656059e-01
1.087500000000000000e+02,9.419353307135736042e-01,1.680097174811013838e-01
1.087999999999999972e+02,9.729044828092568986e-01,1.631284427395707504e-01
1.088499999999999943e+02,1.006687459404166152e+00,1.584709951410261664e-01
1.089000000000000057e+02,1.043207024502382341e+00,1.540279816561364590e-01
1.089500000000000028e+02,1.082386152476651375e+00,1.497911290502139114e-01
1.090000000000000000e+02,1.124148386813529577e+00,1.457532613572694868e-01
1.090499999999999972e+02,1.168418156447062151e+00,1.419082750292165462e-01
1.090999999999999943e+02,1.215121047495158590e+00,1.382511116083081637e-01
1.091500000000000057e+02,1.264184028785161784e+00,1.347777277911946514e-01
1.092000000000000028e+02,1.315535630129759381e+00,1.314850627798109794e-01
1.092500000000000000e+02,1.369106072884378023e+00,1.283710028477353937e-01
1.092999999999999972e+02,1.424827352876848918e+00,1.254343430904449608e-01
1.093499999999999943e+02,1.482633276346107198e+00,1.226747463731601429e-01
1.094000000000000057e+02,1.542459450050648773e+00,1.200926995407969877e-01
1.094500000000000028e+02,1.604243227208005607e+00,1.176894670086253564e-01
1.095000000000000000e+02,1.667923611394658057e+00,1.154670419096854167e-01
1.095499999999999972e+02,1.733441120969520188e+00,1.134280950335068844e-01
1.095999999999999943e+02,1.800737616976492816e+00,1.115759218487320098e-01
1.096500000000000057e+02,1.869756097829972763e+00,1.099143879585539607e-01
1.097000000000000028e+02,1.940440464384942221e+00,1.084478733902472930e-01
1.097500000000000000e+02,2.012735259240332031e+00,1.071812161667635294e-01
1.097999999999999972e+02,2.086585384314000535e+00,1.061196556483336162e-01
1.098499999999999943e+02,2.161935800862063495e+00,1.052687761623748164e-01
1.099000000000000057e+02,2.238731216190775086e+00,1.046344514615488025e-01
1.099500000000000028e+02,2.316915761327468015e+00,1.042227905591211895e-01
1.100000000000000000e+02,2.396432663880502023e+00,1.040400854893733795e-01
1.100499999999999972e+02,2.477223920227761056e+00,1.040927615268338324e-01
1.100999999999999943e+02,2.559229971036072193e+00,1.043873303725217777e-01
1.101500000000000057e+02,2.642389383934130365e+00,1.049303467782857768e-01
1.102000000000000028e+02,2.726638546944591290e+00,1.057283690325626496e-01
1.102500000000000000e+02,2.811911376039678778e+00,1.067879236738913523e-01
1.102999999999999972e+02,2.898139039919936710e+00,1.081154747334656108e-01
1.103499999999999943e+02,2.985249704845170715e+00,1.097173977365548253e-01
1.104000000000000057e+02,3.073168302072722735e+00,1.115999586172326252e-01
1.104500000000000028e+02,3.161816320194218211e+00,1.137692976222341723e-01
1.105000000000000000e+02,3.251111624416510804e+00,1.162314182012381819e-01
1.105499999999999972e+02,3.340968304611438011e+00,1.189921808032484846e-01
1.105999999999999943e+02,3.431296553773880653e+00,1.220573014240217552e-01
1.106500000000000057e+02,3.522002578381467242e+00,1.254323546794468003e-01
1.107000000000000028e+02,3.612988542046752460e+00,1.291227811154863070e-01
1.107500000000000000e+02,3.704152543801663366e+00,1.331338984071480935e-01
1.107999999999999972e+02,3.795388632348194680e+00,1.374709160493912119e-01
1.108499999999999943e+02,3.886586857655470961e+00,1.421389530998657391e-01
1.109000000000000057e+02,3.977633361375621401e+00,1.471430584993471680e-01
1.109500000000000028e+02,4.068410507684249389e+00,1.524882334695530917e-01
1.110000000000000000e+02,4.158797056321154706e+00,1.581794554689459620e-01
1.110499999999999972e+02,4.248668379803809181e+00,1.642217031760540014e-01
1.110999999999999943e+02,4.337896727000683406e+00,1.706199819649420468e-01
1.111500000000000057e+02,4.426351535468495690e+00,1.773793493386836562e-01
1.112000000000000028e+02,4.513899795168960338e+00,1.845049397935017155e-01
1.112500000000000000e+02,4.600406466363224922e+00,1.920019885974273977e-01
1.112999999999999972e+02,4.685734954626198601e+00,1.998758539829922354e-01
1.113499999999999943e+02,4.769747646005826347e+00,2.081320372727132328e-01
1.114000000000000057e+02,4.852306505356810185e+00,2.167762004788851837e-01
1.114500000000000028e+02,4.933273740782963657e+00,2.258141809449248916e-01
1.115000000000000000e+02,5.012512536911321703e+00,2.352520026247973961e-01
1.115499999999999972e+02,5.089887859367131284e+00,2.450958836297887911e-01
1.115999999999999943e+02,5.165267332314116722e+00,2.553522397078570316e-01
1.116500000000000057e+02,5.238522190238166232e+00,2.660276833620043857e-01
1.117000000000000028e+02,5.309528304284580891e+00,2.771290183594372625e-01
1.117500000000000000e+02,5.378167282384449521e+00,2.886632294345934935e-01
1.117999999999999972e+02,5.444327641125222605e+00,3.006374670470813859e-01
1.118499999999999943e+02,5.507906045832650754e+00,3.130590271201940666e-01
1.119000000000000057e+02,5.568808613634981697e+00,3.259353257587568886e-01
1.119500000000000028e+02,5.626952272394428967e+00,3.392738690255462930e-01
1.120000000000000000e+02,5.682266166335733004e+00,3.530822179454212728e-01
1.120499999999999972e+02,5.734693097005841622e+00,3.673679490039358231e-01
1.120999999999999943e+02,5.784190985912088578e+00,3.821386105121643006e-01
1.121500000000000057e+02,5.830734342852528229e+00,3.974016753219827280e-01
1.122000000000000028e+02,5.874315721649708166e+00,4.131644904920357408e-01
1.122500000000000000e+02,5.914947142788921752e+00,4.294342246236870775e-01
1.122999999999999972e+02,5.952661460443928299e+00,4.462178137037114967e-01
1.123499999999999943e+02,5.987513649625352485e+00,4.635219064038507142e-01
1.124000000000000057e+02,6.019581987821744917e+00,4.813528098904713559e-01
1.124500000000000028e+02,6.048969104602692326e+00,4.997164372871175098e-01
1.125000000000000000e+02,6.075802872325108517e+00,5.186182580020630706e-01
1.125499999999999972e+02,6.100237111406914714e+00,5.380632521771356869e-01
1.125999999999999943e+02,6.122452084679563811e+00,5.580558705276305043e-01
1.126500000000000057e+02,6.142654757158648948e+00,5.786000008213683099e-01
1.127000000000000028e+02,6.161078800204148109e+00,5.996989421831088185e-01
1.127500000000000000e+02,6.177984322480984503e+00,6.213553883073660300e-01
1.127999999999999972e+02,6.193657314342621234e+00,6.435714205146345623e-01
1.128499999999999943e+02,6.208408797170279492e+00,6.663485113966760576e-01
1.129000000000000057e+02,6.222573674714345415e+00,6.896875395653377927e-01
1.129500000000000028e+02,6.236509289449145399e+00,7.135888157547635169e-01
1.130000000000000000e+02,6.250593693209124169e+00,7.380521202324948904e-01
1.130499999999999972e+02,6.265223647720333133e+00,7.630767511628001598e-01
1.130999999999999943e+02,6.280812376869804758e+00,7.886615832450953878e-01
1.131500000000000057e+02,6.297787098442697129e+00,8.148051356329217843e-01
1.132000000000000028e+02,6.316586368387247852e+00,8.415056478391218509e-01
1.132500000000000000e+02,6.337657275245001109e+00,8.687611620612641916e-01
1.132999999999999972e+02,6.361452526015100695e+00,8.965696101295098641e-01
1.133499999999999943e+02,6.388427467285522354e+00,9.249289031000331729e-01
1.134000000000000057e+02,6.419037086837507289e+00,9.538370213936300246e-01
1.134500000000000028e+02,6.453733041078297816e+00,9.832921033218275930e-01
1.135000000000000000e+02,6.492960752568668781e+00,1.013292529850347456e+00
1.135499999999999972e+02,6.537156619639139521e+00,1.043837003522126050e+00
1.135999999999999943e+02,6.586745376731111712e+00,1.074924619596921316e+00
1.136500000000000057e+02,6.642137639791483750e+00,1.106554927652932729e+00
1.137000000000000028e+02,6.703727665966777494e+00,1.138727982130346428e+00
1.137500000000000000e+02,6.771891351187676378e+00,1.171444380567395527e+00
1.137999999999999972e+02,6.846984483205913463e+00,1.204705288571598754e+00
1.138499999999999943e+02,6.929341261475592262e+00,1.238512450876104953e+00
1.139000000000000057e+02,7.019273089147237243e+00,1.272868188134913536e+00
1.139500000000000028e+02,7.117067636573173317e+00,1.307775379408281147e+00
1.140000000000000000e+02,7.222988170263606733e+00,1.343237430563936741e+00
1.140499999999999972e+02,7.337273136324061085e+00,1.379258229071679498e+00
1.140999999999999943e+02,7.460135983155436357e+00,1.415842085884672752e+00
1.141500000000000057e+02,7.591765204672482170e+00,1.452993665285509106e+00
1.142000000000000028e+02,7.732324582535779811e+00,1.490717903719797066e+00
1.142500000000000000e+02,7.881953603902429606e+00,1.529019918751610252e+00
1.142999999999999972e+02,8.040768029955675189e+00,1.567904909349914000e+00
1.143499999999999943e+02,8.208860589932307050e+00,1.607378048761616718e+00
1.144000000000000057e+02,8.386301775463243402e+00,1.647444371243887984e+00
1.144500000000000028e+02,8.573140710696240063e+00,1.688108653925648461e+00
1.145000000000000000e+02,8.769406074805260687e+00,1.729375295044455862e+00
1.145499999999999972e+02,8.975107055000830059e+00,1.771248189772304915e+00
1.145999999999999943e+02,9.190234309974993465e+00,1.813730604798761137e+00
1.146500000000000057e+02,9.414760925733254737e+00,1.856825052793068531e+00
1.147000000000000028e+02,9.648643347926336489e+00,1.900533167816830016e+00
1.147500000000000000e+02,9.891822277009911346e+00,1.944855582711505937e+00
1.147999999999999972e+02,1.014422351478127915e+01,1.989791809440138115e+00
1.148499999999999943e+02,1.040575875300887709e+01,2.035340123322933348e+00
1.149000000000000057e+02,1.067632629694747237e+01,2.081497452071568777e+00
1.149500000000000028e+02,1.095581171848424518e+01,2.128259270497294686e+00
1.150000000000000000e+02,1.124408843546732406e+01,2.175619501743601081e+00
1.150499999999999972e+02,1.154101821541488704e+01,2.223570425871563838e+00
1.150999999999999943e+02,1.184645160328008373e+01,2.272102596607105340e+00
1.151500000000000057e+02,1.216022827425481623e+01,2.321204767040028649e+00
1.152000000000000028e+02,1.248217731373706663e+01,2.370863825042929918e+00
1.152500000000000000e+02,1.281211742756846128e+01,2.421064739153616863e+00
1.152999999999999972e+02,1.314985708647859042e+01,2.471790515632638296e+00
1.153499999999999943e+02,1.349519460936888571e+01,2.523022167368608848e+00
1.154000000000000057e+02,1.384791819063524976e+01,2.574738695253408594e+00
1.154500000000000028e+02,1.420780587718579646e+01,2.626917082587836738e+00
1.155000000000000000e+02,1.457462550117013400e+01,2.679532303002354343e+00
1.155499999999999972e+02,1.494813457470770857e+01,2.732557342286484392e+00
1.155999999999999943e+02,1.532808015310669347e+01,2.785963234414031042e+00
1.156500000000000057e+02,1.571419867320202357e+01,2.839719111928768580e+00
1.157000000000000028e+02,1.610621577353399658e+01,2.893792270716223136e+00
1.157500000000000000e+02,1.650384610313613365e+01,2.948148249033200052e+00
1.157999999999999972e+02,1.690679312571558413e+01,3.002750920497734732e+00
1.158499999999999943e+02,1.731474892599927529e+01,3.057562600563147548e+00
1.159000000000000057e+02,1.772739402499013650e+01,3.112544165807805907e+00
1.159500000000000028e+02,1.814439721082359114e+01,3.167655185174904631e+00
1.160000000000000000e+02,1.856541539185986522e+01,3.222854062097537664e+00
1.160499999999999972e+02,1.899009347857118257e+01,3.278098186240821832e+00
1.160999999999999943e+02,1.941806430070023382e+01,3.333344093399442709e+00
1.161500000000000057e+02,1.984894856607458635e+01,3.388547631900943102e+00
1.162000000000000028e+02,2.028235486735385606e+01,3.443664133692923013e+00
1.162500000000000000e+02,2.071787974287186529e+01,3.498648588137934556e+00
1.162999999999999972e+02,2.115510779759305748e+01,3.553455816408712220e+00
1.163499999999999943e+02,2.159361189005431925e+01,3.608040644273613040e+00
1.164000000000000057e+02,2.203295339097585526e+01,3.662358070988694259e+00
1.164500000000000028e+02,2.247268251901399694e+01,3.716363431978077170e+00
1.165000000000000000e+02,2.291233875888172378e+01,3.770012552982486387e+00
1.165499999999999972e+02,2.335145136676704425e+01,3.823261893398336664e+00
1.165999999999999943e+02,2.378953996763729961e+01,3.876068676608899199e+00
1.166500000000000057e+02,2.422611524861703103e+01,3.928391005233482947e+00
1.167000000000000028e+02,2.466067975215811003e+01,3.980187959381886298e+00
1.167500000000000000e+02,2.509272877217973630e+01,4.031419676204942348e+00
1.167999999999999972e+02,2.552175135573315856e+01,4.082047409269102367e+00
1.168499999999999943e+02,2.594723141203525074e+01,4.132033566556945203e+00
1.169000000000000057e+02,2.636864892990738696e+01,4.181341726196195374e+00
1.169500000000000028e+02,2.678548130374878866e+01,4.229936629347195165e+00
1.170000000000000000e+02,2.719720476716537405e+01,4.277784150026655574e+00
1.170499999999999972e+02,2.760329593225304734e+01,4.324851242006205077e+00
1.170999999999999943e+02,2.800323343131178788e+01,4.371105863297137795e+00
1.171500000000000057e+02,2.839649965644460750e+01,4.416516879107098781e+00
1.172000000000000028e+02,2.878258259106068806e+01,4.461053944529328241e+00
1.172500000000000000e+02,2.916097772580395642e+01,4.504687368589702423e+00
1.172999999999999972e+02,2.953119004982627516e+01,4.547387961633306830e+00
1.173499999999999943e+02,2.989273610669487624e+01,4.589126868370335011e+00
1.174000000000000057e+02,3.024514610253645941e+01,4.629875389214236137e+00
1.174500000000000028e+02,3.058796605233923671e+01,4.669604792840406304e+00
1.175000000000000000e+02,3.092075994866643640e+01,4.708286123152482183e+00
1.175499999999999972e+02,3.124311193542933296e+01,4.745890004072442991e+00
1.175999999999999943e+02,3.155462846785373188e+01,4.782386445763768812e+00
1.176500000000000057e+02,3.185494043840147071e+01,4.817744656051357488e+00
1.177000000000000028e+02,3.214370524720992961e+01,4.851932860909529133e+00
1.177500000000000000e+02,3.242060879464530387e+01,4.884918137957867224e+00
1.177999999999999972e+02,3.268536737286393645e+01,4.916666266919113681e+00
1.178499999999999943e+02,3.293772943288722388e+01,4.947141600958181229e+00
1.179000000000000057e+02,3.317747720366001118e+01,4.976306962730245864e+00
1.179500000000000028e+02,3.340442813991293747e+01,5.004123568817350431e+00
1.180000000000000000e+02,3.361843617641134330e+01,5.030550986021371074e+00
1.180499999999999972e+02,3.381939276737305988e+01,5.055547122706187224e+00
1.180999999999999943e+02,3.400722769147822078e+01,5.079068258038891948e+00
1.181500000000000057e+02,3.418190960498088771e+01,5.101069111570634362e+00
1.182000000000000028e+02,3.434344632793860796e+01,5.121502955115405875e+00
1.182500000000000000e+02,3.449188485149696248e+01,5.140321768336592712e+00
1.182999999999999972e+02,3.462731105744324367e+01,5.157476438834038390e+00
1.183499999999999943e+02,3.474984914482607223e+01,5.172917006846351029e+00
1.184000000000000057e+02,3.485966076228382349e+01,5.186592953943163664e+00
1.184500000000000028e+02,3.495694384872640370e+01,5.198453534301849643e+00
1.185000000000000000e+02,3.504193118911748428e+01,5.208448146337333107e+00
1.185499999999999972e+02,3.511488869620820452e+01,5.216526741610032047e+00
1.185999999999999943e+02,3.517611343308266925e+01,5.222640267085681742e+00
1.186500000000000057e+02,3.522593139520706984e+01,5.226741135981137987e+00
1.187000000000000028e+02,3.526469507422513772e+01,5.228783721624498781e+00
1.187500000000000000e+02,3.529278082894930435e+01,5.228724868009863691e+00
1.187999999999999972e+02,3.531058609175213547e+01,5.226524410059234071e+00
1.188499999999999943e+02,3.531852644084012383e+01,5.222145696038517748e+00
1.189000000000000057e+02,3.531703257060385681e+01,5.215556104141333194e+00
1.189500000000000028e+02,3.530654719337729830e+01,5.206727544963748677e+00
1.190000000000000000e+02,3.528752190647069398e+01,5.195636941474470305e+00
1.190499999999999972e+02,3.526041405826606479e+01,5.182266678148344852e+00
1.190999999999999943e+02,3.522568364649919204e+01,5.166605011176598872e+00
1.191500000000000057e+02,3.518379028062222602e+01,5.148646432121883443e+00
1.192000000000000028e+02,3.513519023839823063e+01,5.128391978017958763e+00
1.192500000000000000e+02,3.508033364466442805e+01,5.105849481736566275e+00
1.192999999999999972e+02,3.501966179760503195e+01,5.081033757430743591e+00
1.193499999999999943e+02,3.495360466494224738e+01,5.053966716991395103e+00
1.194000000000000057e+02,3.488257856929131862e+01,5.024677414700146727e+00
1.194500000000000028e+02,3.480698407859219401e+01,4.993202018587917124e+00
1.195000000000000000e+02,3.472720411411850705e+01,4.959583708377938827e+00
1.195499999999999972e+02,3.464360228514404838e+01,4.923872501273634406e+00
1.195999999999999943e+02,3.455652145599474778e+01,4.886125008194374786e+00
1.196500000000000057e+02,3.446628254798593360e+01,4.846404124337016839e+00
1.197000000000000028e+02,3.437318357571128047e+01,4.804778659110386485e+00
1.197500000000000000e+02,3.427749891433803953e+01,4.761322911519469514e+00
1.197999999999999972e+02,3.417947879202423422e+01,4.716116197943809318e+00
1.198499999999999943e+02,3.407934899933630390e+01,4.669242339938722175e+00
1.199000000000000057e+02,3.397731080560701145e+01,4.620789120175539111e+00
1.199500000000000028e+02,3.387354107056913222e+01,4.570847714925879046e+00
1.200000000000000000e+02,3.376819253830552725e+01,4.519512111580585412e+00
1.200499999999999972e+02,3.366139429957591034e+01,4.466878519589003282e+00
1.200999999999999943e+02,3.355325240790116936e+01,4.413044782921599740e+00
1.201500000000000057e+02,3.344385063437272265e+01,4.358109801717605869e+00
1.202000000000000028e+02,3.333325134600785589e+01,4.302172970197451818e+00
1.202500000000000000e+02,3.322149649254446047e+01,4.245333637231757606e+00
1.202999999999999972e+02,3.310860868683593594e+01,4.187690595182098185e+00
1.203499999999999943e+02,3.299459236445823507e+01,4.129341601796073569e+00
1.204000000000000057e+02,3.287943500871295299e+01,4.070382939074830730e+00
1.204500000000000028e+02,3.276310842791721711e+01,4.010909012160299270e+00
1.205000000000000000e+02,3.264557007263842081e+01,3.951011990435041810e+00
1.205499999999999972e+02,3.252676438138451687e+01,3.890781492206155434e+00
1.205999999999999943e+02,3.240662414413169756e+01,3.830304313578042574e+00
1.206500000000000057e+02,3.228507187397267586e+01,3.769664201413373661e+00
1.207000000000000028e+02,3.216202117806109584e+01,3.708941669651321327e+00
1.207500000000000000e+02,3.203737811991395290e+01,3.648213857702384821e+00
1.207999999999999972e+02,3.191104256598310229e+01,3.587554429168279491e+00
1.208499999999999943e+02,3.178290951022505340e+01,3.527033508753910418e+00
1.209000000000000057e+02,3.165287037116898006e+01,3.466717654931734671e+00
1.209500000000000028e+02,3.152081425670070303e+01,3.406669865693616295e+00
1.210000000000000000e+02,3.138662919244165650e+01,3.346949614568875297e+00
1.210499999999999972e+02,3.125020331021417874e+01,3.287612913998685826e+00
1.210999999999999943e+02,3.111142599362601047e+01,3.228712403124637476e+00
1.211500000000000057e+02,3.097018897829794071e+01,3.170297457065609059e+00
1.212000000000000028e+02,3.082638740469914751e+01,3.112414314820981964e+00
1.212500000000000000e+02,3.067992082192502323e+01,3.055106223030636059e+00
1.212999999999999972e+02,3.053069414108909285e+01,2.998413592947468675e+00
1.213499999999999943e+02,3.037861853728063366e+01,2.942374168120796885e+00
1.214000000000000057e+02,3.022361229927917492e+01,2.887023200449255977e+00
1.214500000000000028e+02,3.006560162641213907e+01,2.832393632427730346e+00
1.215000000000000000e+02,2.990452137211296701e+01,2.778516283587869395e+00
1.215499999999999972e+02,2.974031573386511695e+01,2.725420039302473008e+00
1.215999999999999943e+02,2.957293888932316861e+01,2.673132040295805645e+00
1.216500000000000057e+02,2.940235557848884440e+01,2.621677871364711976e+00
1.217000000000000028e+02,2.922854163187946597e+01,2.571081747974193199e+00
1.217500000000000000e+02,2.905148444467830515e+01,2.521366699535487310e+00
1.217999999999999972e+02,2.887118339689079960e+01,2.472554748315078044e+00
1.218499999999999943e+02,2.868765021955780270e+01,2.424667083046721405e+00
1.219000000000000057e+02,2.850090930710254256e+01,2.377724226434898114e+00
1.219500000000000028e+02,2.831099797590066913e+01,2.331746195841660541e+00
1.220000000000000000e+02,2.811796666918754894e+01,2.286752656542050399e+00
1.220499999999999972e+02,2.792187910843266252e+01,2.242763067016225076e+00
1.220999999999999943e+02,2.772281239133566544e+01,2.199796815820668439e+00
1.221500000000000057e+02,2.752085703662929461e+01,2.157873349644551908e+00
1.222000000000000028e+02,2.731611697590866328e+01,2.117012292216363445e+00
1.222500000000000000e+02,2.710870949275106057e+01,2.077233553773731867e+00
1.222999999999999972e+02,2.689876510944772647e+01,2.038557430857145913e+00
1.223499999999999943e+02,2.668642742172889015e+01,2.001004696225061164e+00
1.224000000000000057e+02,2.647185288194472363e+01,1.964596678725511580e+00
1.224500000000000028e+02,2.625521053124839455e+01,1.929355332991928629e+00
1.225000000000000000e+02,2.603668168142951700e+01,1.895303298860094632e+00
1.225499999999999972e+02,2.581645954715991920e+01,1.862463950434814830e+00
1.225999999999999943e+02,2.559474882953551855e+01,1.830861434760496342e+00
1.226500000000000057e+02,2.537176525193728693e+01,1.800520700080572745e+00
1.227000000000000028e+02,2.514773504938292348e+01,1.771467513697586593e+00
1.227500000000000000e+02,2.492289441269884520e+01,1.743728469476389042e+00
1.227999999999999972e+02,2.469748888901328598e+01,1.717330985062951232e+00
1.228499999999999943e+02,2.447177274025176530e+01,1.692303288923275195e+00
1.229000000000000057e+02,2.424600826149997701e+01,1.668674397340456084e+00
1.229500000000000028e+02,2.402046506129659420e+01,1.646474081542771417e+00
1.230000000000000000e+02,2.379541930611460288e+01,1.625732825172266915e+00
1.230499999999999972e+02,2.357115293149351487e+01,1.606481772341080694e+00
1.230999999999999943e+02,2.334795282248545689e+01,1.588752666561519922e+00
1.231500000000000057e+02,2.312610996628329474e+01,1.572577780875852538e+00
1.232000000000000028e+02,2.290591858009385362e+01,1.557989839552408329e+00
1.232500000000000000e+02,2.268767521751636451e+01,1.545021931754827271e+00
1.232999999999999972e+02,2.247167785686521668e+01,1.533707417631594794e+00
1.233499999999999943e+02,2.225822497505675557e+01,1.524079827312867730e+00
1.234000000000000057e+02,2.204761461083214513e+01,1.516172753339898538e+00
1.234500000000000028e+02,2.184014342123980512e+01,1.510019737088232894e+00
1.235000000000000000e+02,2.163610573541816962e+01,1.505654149782159390e+00
1.235499999999999972e+02,2.143579260983094770e+01,1.503109068727505049e+00
1.235999999999999943e+02,2.123949088918006822e+01,1.502417149420173459e+00
1.236500000000000057e+02,2.104748227728077126e+01,1.503610494212297422e+00
1.237000000000000028e+02,2.086004242220558780e+01,1.506720518238867212e+00
1.237500000000000000e+02,2.067744002000210202e+01,1.511777813324938879e+00
1.237999999999999972e+02,2.049993594125514917e+01,1.518812010605455454e+00
1.238499999999999943e+02,2.032778238469450827e+01,1.527851642597470860e+00
1.239000000000000057e+02,2.016122206195237609e+01,1.538924005466254075e+00
1.239500000000000028e+02,2.000048741743986369e+01,1.552055022225092840e+00
1.240000000000000000e+02,1.984579988714441612e+01,1.567269107600325562e+00
1.240499999999999972e+02,1.969736919995502333e+01,1.584589035279666991e+00
1.240999999999999943e+02,1.955539272488748992e+01,1.604035808245120265e+00
1.241500000000000057e+02,1.942005486732515251e+01,1.625628532868239384e+00
1.242000000000000028e+02,1.929152651709968680e+01,1.649384297418737377e+00
1.242500000000000000e+02,1.916996455092450802e+01,1.675318055605127254e+00
1.242999999999999972e+02,1.905551139135472027e+01,1.703442515731446560e+00
1.243499999999999943e+02,1.894829462409267862e+01,1.733768036014244895e+00
1.244000000000000057e+02,1.884842667508183922e+01,1.766302526561444708e+00
1.244500000000000028e+02,1.875600454845069009e+01,1.801051358470635355e+00
1.245000000000000000e+02,1.867110962596814261e+01,1.838017280455590097e+00
1.245499999999999972e+02,1.859380752827691197e+01,1.877200343361410617e+00
1.245999999999999943e+02,1.852414803777002561e+01,1.918597832877659837e+00
1.246500000000000057e+02,1.846216508257880662e+01,1.962204210707991781e+00
1.247000000000000028e+02,1.840787678075284362e+01,2.008011064401509227e+00
1.247500000000000000e+02,1.836128554333680540e+01,2.056007066001500849e+00
1.247999999999999972e+02,1.832237823468519622e+01,2.106177939613375294e+00
1.248499999999999943e+02,1.829112638801827018e+01,2.158506437945001188e+00
1.249000000000000057e+02,1.826748647389890934e+01,2.212972327822662955e+00
1.249500000000000028e+02,1.825140021901995624e+01,2.269552384638358511e+00
1.250000000000000000e+02,1.824279497242282488e+01,2.328220395638838980e+00
1.250499999999999972e+02,1.824158411603517749e+01,2.388947171922765733e+00
1.250999999999999943e+02,1.824766751620989425e+01,2.451700568972317917e+00
1.251500000000000057e+02,1.826093201277788580e+01,2.516445515506144037e+00
1.252000000000000028e+02,1.828125194199131087e+01,2.583144050405983272e+00
1.252500000000000000e+02,1.830848968963021406e+01,2.651755367436155808e+00
1.252999999999999972e+02,1.834249627047918807e+01,2.722235867446279656e+00
1.253499999999999943e+02,1.838311193034638791e+01,2.794539217719632429e+00
1.254000000000000057e+02,1.843016676679424393e+01,2.868616418108538291e+00
1.254500000000000028e+02,1.848348136478329451e+01,2.944415873576057052e+00
1.255000000000000000e+02,1.854286744348947735e+01,3.021883472747003641e+00
1.255499999999999972e+02,1.860812851064384432e+01,3.100962672057688607e+00
1.255999999999999943e+02,1.867906052085488966e+01,3.181594585081799487e+00
1.256500000000000057e+02,1.875545253451537775e+01,3.263718076602562856e+00
1.257000000000000028e+02,1.883708737404738542e+01,3.347269860995497837e+00
1.257500000000000000e+02,1.892374227442156354e+01,3.432184604484304291e+00
1.257999999999999972e+02,1.901518952507191784e+01,3.518395030830158809e+00
1.258499999999999943e+02,1.911119710053787912e+01,3.605832030020152512e+00
1.259000000000000057e+02,1.921152927737452032e+01,3.694424769521825969e+00
1.259500000000000028e+02,1.931594723509775235e+01,3.784100807679657841e+00
1.260000000000000000e+02,1.942420963915502341e+01,3.874786208836888068e+00
1.260499999999999972e+02,1.953607320414531756e+01,3.966405659776527592e+00
1.260999999999999943e+02,1.965129323573630771e+01,4.058882587086883653e+00
1.261500000000000057e+02,1.976962414996052786e+01,4.152139275070849678e+00
1.262000000000000028e+02,1.989081996879060199e+01,4.246096983832624794e+00
1.262500000000000000e+02,2.001463479111702526e+01,4.340676067191078680e+00
1.262999999999999972e+02,2.014082323845927647e+01,4.435796090084811460e+00
1.263499999999999943e+02,2.026914087494615302e+01,4.531375945154148432e+00
1.264000000000000057e+02,2.039934460129402538e+01,4.627333968199210723e+00
1.264500000000000028e+02,2.053119302269463020e+01,4.723588052236624257e+00
1.265000000000000000e+02,2.066444679069517676e+01,4.820055759892237113e+00
1.265499999999999972e+02,2.079886891931440829e+01,4.916654433890341735e+00
1.265999999999999943e+02,2.093422507578347336e+01,5.013301305415729381e+00
1.266500000000000057e+02,2.107028384643881935e+01,5.109913600148249024e+00
1.267000000000000028e+02,2.120681697841314417e+01,5.206408641785277958e+00
1.267500000000000000e+02,2.134359959788322669e+01,5.302703952891302919e+00
1.267999999999999972e+02,2.148041040572803695e+01,5.398717352927601354e+00
1.268499999999999943e+02,2.161703185153800888e+01,5.494367053338910623e+00
1.269000000000000057e+02,2.175325028698743068e+01,5.589571749589289595e+00
1.269500000000000028e+02,2.188885609964403400e+01,5.684250710057836109e+00
1.270000000000000000e+02,2.202364382834179324e+01,5.778323861723751342e+00
1.270499999999999972e+02,2.215741226127806485e+01,5.871711872584896241e+00
1.270999999999999943e+02,2.228996451803191903e+01,5.964336230771722924e+00
1.271500000000000057e+02,2.242110811671472703e+01,6.056119320334429013e+00
1.272000000000000028e+02,2.255065502747744333e+01,6.146984493692889906e+00
1.272500000000000000e+02,2.267842171360193504e+01,6.236856140757954137e+00
1.272999999999999972e+02,2.280422916139518108e+01,6.325659754740892815e+00
1.273499999999999943e+02,2.292790290009542886e+01,6.413321994683855110e+00
1.274000000000000057e+02,2.304927301297584918e+01,6.499770744753769591e+00
1.274500000000000028e+02,2.316817414080780324e+01,6.584935170353920064e+00
1.275000000000000000e+02,2.328444547881202809e+01,6.668745771117270849e+00
1.275499999999999972e+02,2.339793076818876116e+01,6.751134430854001778e+00
1.275999999999999943e+02,2.350847828327608013e+01,6.832034464534947560e+00
1.276500000000000057e+02,2.361594081533786138e+01,6.911380662398105557e+00
1.277000000000000028e+02,2.372017565393411687e+01,6.989109331276136317e+00
1.277500000000000000e+02,2.382104456676977478e+01,7.065158333240626476e+00
1.277999999999999972e+02,2.391841377886415643e+01,7.139467121673993333e+00
1.278499999999999943e+02,2.401215395181881718e+01,7.211976774872672635e+00
1.279000000000000057e+02,2.410214016390595049e+01,7.282630027298328201e+00
1.279500000000000028e+02,2.418825189162703282e+01,7.351371298588318837e+00
1.280000000000000000e+02,2.427037299333477804e+01,7.418146720442843289e+00
1.280500000000000114e+02,2.434839169543702297e+01,7.482904161504782437e+00
1.280999999999999943e+02,2.442220058163846375e+01,7.545593250348034076e+00
1.281500000000000057e+02,2.449169658560458629e+01,7.606165396690187208e+00
1.281999999999999886e+02,2.455678098736473558e+01,7.664573810944004251e+00
1.282500000000000000e+02,2.461735941370431391e+01,7.720773522216603624e+00
1.283000000000000114e+02,2.467334184272437270e+01,7.774721394868198132e+00
1.283499999999999943e+02,2.472464261268144270e+01,7.826376143732951540e+00
1.284000000000000057e+02,2.477118043515493895e+01,7.875698348102930346e+00
1.284499999999999886e+02,2.481287841251972992e+01,7.922650464572589257e+00
1.285000000000000000e+02,2.484966405964386382e+01,7.967196838832460770e+00
1.285500000000000114e+02,2.488146932966263591e+01,8.009303716499637460e+00
1.285999999999999943e+02,2.490823064362518835e+01,8.048939253060577670e+00
1.286500000000000057e+02,2.492988892375097265e+01,8.086073523003035390e+00
1.286999999999999886e+02,2.494638962997517595e+01,8.120678528198615354e+00
1.287500000000000000e+02,2.495768279941659884e+01,8.152728205596893929e+00
1.288000000000000114e+02,2.496372308834583720e+01,8.182198434281596988e+00
1.288499999999999943e+02,2.496446981619092398e+01,8.209067041932121001e+00
1.289000000000000057e+02,2.495988701107446417e+01,8.233313810725723769e+00
1.289499999999999886e+02,2.494994345633703503e+01,8.254920482710485174e+00
1.290000000000000000e+02,2.493461273747113083e+01,8.273870764666703792e+00
1.290500000000000114e+02,2.491387328885846131e+01,8.290150332469742978e+00
1.290999999999999943e+02,2.488770843967863300e+01,8.303746834960637813e+00
1.291500000000000057e+02,2.485610645834079335e+01,8.314649897319094762e+00
1.291999999999999886e+02,2.481906059476936477e+01,8.322851123929346784e+00
1.292500000000000000e+02,2.477656911987133626e+01,8.328344100720885379e+00
1.293000000000000114e+02,2.472863536150403618e+01,8.331124396958529132e+00
1.293499999999999943e+02,2.467526773626291714e+01,8.331189566451223882e+00
1.294000000000000057e+02,2.461647977641911922e+01,8.328539148139606496e+00
1.294499999999999886e+02,2.455229015134135651e+01,8.323174666019486523e+00
1.295000000000000000e+02,2.448272268275974284e+01,8.315099628350655081e+00
1.295500000000000114e+02,2.440780635324750847e+01,8.304319526095410353e+00
1.295999999999999943e+02,2.432757530732360252e+01,8.290841830528041356e+00
1.296500000000000057e+02,2.424206884461287359e+01,8.274675989949885846e+00
1.296999999999999886e+02,2.415133140453785288e+01,8.255833425442581586e+00
1.297500000000000000e+02,2.405541254205435564e+01,8.234327525589135277e+00
1.298000000000000114e+02,2.395436689399434727e+01,8.210173640088154201e+00
1.298499999999999943e+02,2.384825413562469976e+01,8.183389072186917801e+00
1.299000000000000057e+02,2.373713892708752837e+01,8.153993069855978604e+00
1.299499999999999886e+02,2.362109084944365378e+01,8.122006815628143528e+00
1.300000000000000000e+02,2.350018433010051666e+01,8.087453415024706160e+00
1.300500000000000114e+02,2.337449855747060568e+01,8.050357883491265909e+00
1.300999999999999943e+02,2.324411738476792166e+01,8.010747131768161111e+00
1.301500000000000057e+02,2.310912922291880989e+01,7.968649949622931494e+00
1.301999999999999886e+02,2.296962692263069528e+01,7.924096987871220854e+00
1.302500000000000000e+02,2.282570764572604105e+01,7.877120738620549290e+00
1.303000000000000114e+02,2.267747272592384888e+01,7.827755513671595722e+00
1.303499999999999943e+02,2.252502751931024960e+01,7.776037421016972040e+00
1.304000000000000057e+02,2.236848124480970768e+01,7.722004339383652827e+00
1.304499999999999886e+02,2.220794681503329571e+01,7.665695890768354559e+00
1.305000000000000000e+02,2.204354065793840789e+01,7.607153410922382619e+00
1.305500000000000114e+02,2.187538252979789988e+01,7.546419917750386119e+00
1.305999999999999943e+02,2.170359532002891711e+01,7.483540077590700612e+00
1.306500000000000057e+02,2.152830484848519177e+01,7.418560169355294498e+00
1.306999999999999886e+02,2.134963965586605639e+01,7.351528046514599346e+00
1.307500000000000000e+02,2.116773078793476159e+01,7.282493096918154052e+00
1.308000000000000114e+02,2.098271157428332145e+01,7.211506200454021354e+00
1.308499999999999943e+02,2.079471740240749966e+01,7.138619684553930256e+00
1.309000000000000057e+02,2.060388548788982988e+01,7.063887277563847711e+00
1.309499999999999886e+02,2.041035464150797551e+01,6.987364060005675448e+00
1.310000000000000000e+02,2.021426503410158304e+01,6.909106413764945387e+00
1.310500000000000114e+02,2.001575796004429009e+01,6.829171969249910212e+00
1.310999999999999943e+02,1.981497560017135129e+01,6.747619550573912939e+00
1.311500000000000057e+02,1.961206078501160732e+01,6.664509118822220302e+00
1.311999999999999886e+02,1.940715675916840510e+01,6.579901713474728631e+00
1.312500000000000000e+02,1.920040694767996570e+01,6.493859392061025915e+00
1.313000000000000114e+02,1.899195472517436301e+01,6.406445168135875612e+00
1.313499999999999943e+02,1.878194318860856526e+01,6.317722947667499866e+00
1.314000000000000057e+02,1.857051493435825762e+01,6.227757463941213878e+00
1.314499999999999886e+02,1.835781184038920699e+01,6.136614211086853565e+00
1.315000000000000000e+02,1.814397485420642298e+01,6.044359376343307666e+00
1.315500000000000114e+02,1.792914378723878954e+01,5.951059771184030289e+00
1.315999999999999943e+02,1.771345711627006736e+01,5.856782761426987172e+00
1.316500000000000057e+02,1.749705179248430298e+01,5.761596196461804986e+00
1.316999999999999886e+02,1.728006305864457204e+01,5.665568337731396120e+00
1.317500000000000000e+02,1.706262427486900535e+01,5.568767786604586156e+00
1.318000000000000114e+02,1.684486675342269635e+01,5.471263411785376007e+00
1.318499999999999943e+02,1.662691960288259097e+01,5.373124276402581501e+00
1.319000000000000057e+02,1.640890958198330551e+01,5.274419564926865256e+00
1.319499999999999886e+02,1.619096096339702484e+01,5.175218510064817146e+00
1.320000000000000000e+02,1.597319540764033086e+01,5.075590319776276615e+00
1.320500000000000114e+02,1.575573184725563713e+01,4.975604104566066610e+00
1.320999999999999943e+02,1.553868638135247870e+01,4.875328805195638715e+00
1.321500000000000057e+02,1.532217218054923968e+01,4.774833120960929378e+00
1.321999999999999886e+02,1.510629940230117541e+01,4.674185438681326410e+00
1.322500000000000000e+02,1.489117511655263471e+01,4.573453762538815859e+00
1.323000000000000114e+02,1.467690324160805559e+01,4.472705644905826006e+00
1.323499999999999943e+02,1.446358449006724101e+01,4.372008118294290036e+00
1.324000000000000057e+02,1.425131632463283538e+01,4.271427628554752332e+00
1.324499999999999886e+02,1.404019292355932613e+01,4.171029969448658115e+00
1.325000000000000000e+02,1.383030515547261530e+01,4.070880218710859921e+00
1.325500000000000114e+02,1.362174056326394300e+01,3.971042675714931303e+00
1.325999999999999943e+02,1.341458335672414037e+01,3.871580800844771186e+00
1.326500000000000057e+02,1.320891441356374862e+01,3.772557156670394374e+00
1.326999999999999886e+02,1.300481128843893863e+01,3.674033351019086346e+00
1.327500000000000000e+02,1.280234822958143681e+01,3.576069982023506011e+00
1.328000000000000114e+02,1.260159620261778812e+01,3.478726585223148149e+00
1.328499999999999943e+02,1.240262292114366538e+01,3.382061582783921327e+00
1.329000000000000057e+02,1.220549288361301521e+01,3.286132234896492754e+00
1.329499999999999886e+02,1.201026741609204862e+01,3.190994593402685098e+00
1.330000000000000000e+02,1.181700472042023975e+01,3.096703457691558192e+00
1.330500000000000114e+02,1.162575992732338648e+01,3.003312332900526904e+00
1.330999999999999943e+02,1.143658515401837228e+01,2.910873390444559838e+00
1.331500000000000057e+02,1.124952956585520880e+01,2.819437430893087626e+00
1.331999999999999886e+02,1.106463944154621082e+01,2.729053849202728976e+00
1.332500000000000000e+02,1.088195824153714142e+01,2.639770602306728442e+00
1.333000000000000114e+02,1.070152667908698874e+01,2.551634179057483021e+00
1.333499999999999943e+02,1.052338279363101847e+01,2.464689572505938564e+00
1.334000000000000057e+02,1.034756202601513309e+01,2.378980254500068003e+00
1.334499999999999886e+02,1.017409729520531414e+01,2.294548152574821476e+00
1.335000000000000000e+02,1.000301907608588436e+01,2.211433629100386433e+00
1.335500000000000114e+02,9.834355477982954952e+00,2.129675462651288154e+00
1.335999999999999943e+02,9.668132323561811958e+00,2.049310831551717449e+00
1.336500000000000057e+02,9.504373227766031107e+00,1.970375299548202008e+00
1.336999999999999886e+02,9.343099676488964889e+00,1.892902803558617730e+00
1.337500000000000000e+02,9.184331104679127833e+00,1.816925643438626281e+00
1.338000000000000114e+02,9.028084973610910779e+00,1.742474473707518401e+00
1.338499999999999943e+02,8.874376847063022211e+00,1.669578297170055237e+00
1.339000000000000057e+02,8.723220466173270182e+00,1.598264460369945628e+00
1.339499999999999886e+02,8.574627822755738649e+00,1.528558650808972352e+00
1.340000000000000000e+02,8.428609230886728199e+00,1.460484895863598531e+00
1.340500000000000114e+02,8.285173396587344641e+00,1.394065563332221425e+00
1.340999999999999943e+02,8.144327485447831805e+00,1.329321363544203827e+00
1.341500000000000057e+02,8.006077188060395144e+00,1.266271352963467933e+00
1.341999999999999886e+02,7.870426783145752836e+00,1.204932939220387800e+00
1.342500000000000000e+02,7.737379198275320391e+00,1.145321887506038250e+00
1.343000000000000114e+02,7.606936068112129412e+00,1.087452328265967827e+00
1.343499999999999943e+02,7.479097790107635646e+00,1.031336766131792260e+00
1.344000000000000057e+02,7.353863577610269431e+00,9.769860900319494723e-01
1.344499999999999886e+02,7.231231510358104408e+00,9.244095844261440709e-01
1.345000000000000000e+02,7.111198582340286123e+00,8.736149416099261433e-01
1.345500000000000114e+02,6.993760747030908220e+00,8.246082750409348128e-01
1.345999999999999943e+02,6.878912960008404909e+00,7.773941336405935099e-01
1.346500000000000057e+02,6.766649218989531533e+00,7.319755170291512014e-01
1.346999999999999886e+02,6.656962601318817008e+00,6.883538916567097932e-01
1.347500000000000000e+02,6.549845298964106277e+00,6.465292077952073946e-01
1.348000000000000114e+02,6.445288651081432008e+00,6.064999173621469231e-01
1.348499999999999943e+02,6.343283174221827636e+00,5.682629925492056477e-01
1.349000000000000057e+02,6.243818590260088897e+00,5.318139452339992745e-01
1.349499999999999886e+02,6.146883852137310811e+00,4.971468471568306624e-01
1.350000000000000000e+02,6.052467167511653479e+00,4.642543508470658442e-01
1.350500000000000114e+02,5.960556020423855017e+00,4.331277112890851710e-01
1.350999999999999943e+02,5.871137191085495033e+00,4.037568083192314972e-01
1.351500000000000057e+02,5.784196773905350142e+00,3.761301697495297303e-01
1.351999999999999886e+02,5.699720193874547647e+00,3.502349952164364733e-01
1.352500000000000000e+02,5.617692221432175614e+00,3.260571807548943712e-01
1.353000000000000114e+02,5.538096985939594319e+00,3.035813441011011027e-01
1.353499999999999943e+02,5.460917987890862690e+00,2.827908507283004580e-01
1.354000000000000057e+02,5.386138109991158274e+00,2.636678406219445381e-01
1.354499999999999886e+02,5.313739627234689955e+00,2.461932558017541628e-01
1.355000000000000000e+02,5.243704216114421612e+00,2.303468685981600039e-01
1.355500000000000114e+02,5.176012963096487951e+00,2.161073106920239906e-01
1.355999999999999943e+02,5.110646372490553091e+00,2.034521029254140745e-01
1.356500000000000057e+02,5.047584373846913053e+00,1.923576858913289001e-01
1.356999999999999886e+02,4.986806329009480621e+00,1.827994513092711104e-01
1.357500000000000000e+02,4.928291038950215253e+00,1.747517741920107115e-01
1.358000000000000114e+02,4.872016750509740923e+00,1.681880458077394946e-01
1.358499999999999943e+02,4.817961163163581695e+00,1.630807074392662814e-01
1.359000000000000057e+02,4.766101435930708341e+00,1.594012849399428500e-01
1.359499999999999886e+02,4.716414194536837634e+00,1.571204240833201093e-01
1.360000000000000000e+02,4.668875538939051495e+00,1.562079267002994820e-01
1.360500000000000114e+02,4.623461051314666115e+00,1.566327875947551018e-01
1.360999999999999943e+02,4.580145804609744076e+00,1.583632322248503532e-01
1.361500000000000057e+02,4.538904371738260224e+00,1.613667551338086592e-01
1.361999999999999886e+02,4.499710835515147167e+00,1.656101591100452020e-01
1.362500000000000000e+02,4.462538799400302736e+00,1.710595950526120346e-01
1.363000000000000114e+02,4.427361399122813346e+00,1.776806025140218459e-01
1.363499999999999943e+02,4.394151315248040035e+00,1.854381508883000407e-01
1.364000000000000057e+02,4.362880786740564787e+00,1.942966812081547978e-01
1.364499999999999886e+02,4.333521625570313063e+00,2.042201485109724213e-01
1.365000000000000000e+02,4.306045232398053813e+00,2.151720647295117250e-01
1.365500000000000114e+02,4.280422613370390650e+00,2.271155420591253749e-01
1.365999999999999943e+02,4.256624398043515889e+00,2.400133367495398407e-01
1.366500000000000057e+02,4.234620858447426528e+00,2.538278932659083775e-01
1.366999999999999886e+02,4.214381929292907003e+00,2.685213887598424387e-01
1.367500000000000000e+02,4.195877229314218582e+00,2.840557777887691704e-01
1.368000000000000114e+02,4.179076083732073954e+00,3.003928372181363105e-01
1.368499999999999943e+02,4.163947547811549299e+00,3.174942112391004323e-01
1.369000000000000057e+02,4.150460431482053458e+00,3.353214564314555557e-01
1.369499999999999886e+02,4.138583324976341515e+00,3.538360867997931147e-01
1.370000000000000000e+02,4.128284625437997235e+00,3.729996187091539905e-01
1.370500000000000114e+02,4.119532564438345368e+00,3.927736156449667115e-01
1.370999999999999943e+02,4.112295236335614668e+00,4.131197327212793313e-01
1.371500000000000057e+02,4.106540627401900068e+00,4.339997608605448698e-01
1.371999999999999886e+02,4.102236645636222256e+00,4.553756705679989913e-01
1.372500000000000000e+02,4.099351151175215868e+00,4.772096552239285527e-01
1.373000000000000114e+02,4.097851987207257629e+00,4.994641738173825063e-01
1.373499999999999943e+02,4.097707011289600132e+00,5.221019930460802927e-01
1.374000000000000057e+02,4.098884126963873165e+00,5.450862287082421931e-01
1.374499999999999886e+02,4.101351315560318511e+00,5.683803863137139034e-01
1.375000000000000000e+02,4.105076668077873414e+00,5.919484008437597700e-01
1.375500000000000114e+02,4.110028417024382819e+00,6.157546755910550118e-01
1.375999999999999943e+02,4.116174968098373910e+00,6.397641200137637041e-01
1.376500000000000057e+02,4.123484931593118574e+00,6.639421865409040890e-01
1.376999999999999886e+02,4.131927153402672914e+00,6.882549062683656071e-01
1.377500000000000000e+02,4.141470745509318263e+00,7.126689234894465486e-01
1.378000000000000114e+02,4.152085115833252793e+00,7.371515290059722503e-01
1.378499999999999943e+02,4.163739997326411313e+00,7.616706921706072331e-01
1.379000000000000057e+02,4.176405476194890554e+00,7.861950916147060209e-01
1.379499999999999886e+02,4.190052019137423756e+00,8.106941446195031764e-01
1.380000000000000000e+02,4.204650499490846904e+00,8.351380350930257546e-01
1.380500000000000114e+02,4.220172222178102395e+00,8.594977401189348720e-01
1.380999999999999943e+02,4.236588947359587465e+00,8.837450550478208600e-01
1.381500000000000057e+02,4.253872912693307917e+00,9.078526171057914596e-01
1.381999999999999886e+02,4.271996854116450137e+00,9.317939274986029030e-01
1.382500000000000000e+02,4.290934025067118185e+00,9.555433719951432758e-01
1.383000000000000114e+02,4.310658214071967365e+00,9.790762399767289903e-01
1.383499999999999943e+02,4.331143760632950368e+00,1.002368741943658215e+00
1.384000000000000057e+02,4.352365569354502917e+00,1.025398025474024477e+00
1.384499999999999886e+02,4.374299122259622585e+00,1.048142189633415544e+00
1.385000000000000000e+02,4.396920489252689634e+00,1.070580297838576556e+00
1.385500000000000114e+02,4.420206336694046279e+00,1.092692389180442758e+00
1.385999999999999943e+02,4.444133934060862323e+00,1.114459488216550165e+00
1.386500000000000057e+02,4.468681158676383269e+00,1.135863613245233550e+00
1.386999999999999886e+02,4.493826498498370015e+00,1.156887783077211296e+00
1.387500000000000000e+02,4.519549052966624458e+00,1.177516022323111367e+00
1.388000000000000114e+02,4.545828531916099813e+00,1.197733365218104806e+00
1.388499999999999943e+02,4.572645252572044683e+00,1.217525858007091344e+00
1.389000000000000057e+02,4.599980134649718444e+00,1.236880559916103017e+00
1.389499999999999886e+02,4.627814693589613171e+00,1.255785542737733351e+00
1.390000000000000000e+02,4.656131031966677547e+00,1.274229889060062959e+00
1.390500000000000114e+02,4.684911829117663018e+00,1.292203689170316361e+00
1.390999999999999943e+02,4.714140329038536414e+00,1.309698036665297716e+00
1.391500000000000057e+02,4.743800326609430407e+00,1.326705022803076783e+00
1.391999999999999886e+02,4.773876152210175583e+00,1.343217729629511359e+00
1.392500000000000000e+02,4.804352654795127187e+00,1.359230221916071457e+00
1.393000000000000114e+02,4.835215183500734426e+00,1.374737537944284771e+00
1.393499999999999943e+02,4.866449567863777581e+00,1.389735679173582650e+00
1.394000000000000057e+02,4.898042096732351247e+00,1.404221598829643369e+00
1.394499999999999886e+02,4.929979495954389890e+00,1.418193189449387770e+00
1.395000000000000000e+02,4.962248904933739269e+00,1.431649269420251613e+00
1.395500000000000114e+02,4.994837852143702683e+00,1.444589568550157743e+00
1.395999999999999943e+02,5.027734229693359147e+00,1.457014712704523651e+00
1.396500000000000057e+02,5.060926267041285342e+00,1.468926207546638718e+00
1.396999999999999886e+02,5.094402503954709616e+00,1.480326421416895855e+00
1.397500000000000000e+02,5.128151762812487746e+00,1.491218567385614868e+00
1.398000000000000114e+02,5.162163120351942247e+00,1.501606684514345647e+00
1.398499999999999943e+02,5.196425878959152200e+00,1.511495618358580595e+00
1.399000000000000057e+02,5.230929537604090740e+00,1.520891000745104638e+00
1.399499999999999886e+02,5.265663762520250479e+00,1.529799228855739823e+00
1.400000000000000000e+02,5.300618357730472852e+00,1.538227443648681358e+00
