target,portal_name,aliases,catalogue_identity_resolved,known_binary_or_wide_companion,already_in_master,previous_recherche_search,in_ew_dr1,ew_passed_original_coverage_screen,first_observation_utc,last_observation_utc,portal_span_integer_days,span_days_from_utc,portal_observation_count,verified_toa_count,verified_observing_days,timing_package_verified,standalone_disposition,acquisition_status,combined_ew_ns_status,follow_up_deferred
J0034-0721,J0034-0721,['B0031-07'],True,False,True,False,False,False,2021-05-05T23:39:11+00:00,2023-06-29T20:05:36+00:00,785,784.8516782407407,429,,,False,EXCLUDED_SPAN_BELOW_1200_DAYS,ARRIVAL_TIMES_REQUIRE_PORTAL_LOGIN,NOT_ASSESSED_WITH_COMPLETE_TIMING_INPUTS,False
J0134-2937,J0134-2937,[],True,False,True,True,True,True,2021-05-06T00:39:04+00:00,2023-06-29T21:05:37+00:00,785,784.8517708333334,442,,,False,EXCLUDED_SPAN_BELOW_1200_DAYS,ARRIVAL_TIMES_REQUIRE_PORTAL_LOGIN,NOT_ASSESSED_WITH_COMPLETE_TIMING_INPUTS,False
J0151-0635,J0151-0635,['B0148-06'],True,False,True,True,True,True,2021-05-14T00:24:43+00:00,2023-06-29T21:18:59+00:00,777,776.8710185185186,211,,,False,EXCLUDED_SPAN_BELOW_1200_DAYS,ARRIVAL_TIMES_REQUIRE_PORTAL_LOGIN,NOT_ASSESSED_WITH_COMPLETE_TIMING_INPUTS,False
J0152-1637,J0152-1637,['B0149-16'],True,False,True,False,True,False,2021-05-06T00:56:57+00:00,2023-06-28T21:23:53+00:00,784,783.852037037037,199,,,False,EXCLUDED_SPAN_BELOW_1200_DAYS,ARRIVAL_TIMES_REQUIRE_PORTAL_LOGIN,NOT_ASSESSED_WITH_COMPLETE_TIMING_INPUTS,False
J0206-4028,J0206-4028,['B0203-40'],True,False,True,False,True,False,2021-05-14T00:40:13+00:00,2023-06-29T21:34:34+00:00,777,776.8710763888889,369,,,False,EXCLUDED_SPAN_BELOW_1200_DAYS,ARRIVAL_TIMES_REQUIRE_PORTAL_LOGIN,NOT_ASSESSED_WITH_COMPLETE_TIMING_INPUTS,False
J0255-5304,J0255-5304,['B0254-53'],True,False,True,True,True,True,2021-04-07T03:53:05+00:00,2023-06-29T22:27:00+00:00,814,813.7735532407407,440,,,False,EXCLUDED_SPAN_BELOW_1200_DAYS,ARRIVAL_TIMES_REQUIRE_PORTAL_LOGIN,NOT_ASSESSED_WITH_COMPLETE_TIMING_INPUTS,False
J0304+1932,J0304+1932,['B0301+19'],True,False,True,False,False,False,2021-04-07T04:04:34+00:00,2023-06-29T22:33:57+00:00,814,813.7704050925926,423,,,False,EXCLUDED_SPAN_BELOW_1200_DAYS,ARRIVAL_TIMES_REQUIRE_PORTAL_LOGIN,NOT_ASSESSED_WITH_COMPLETE_TIMING_INPUTS,False
J0401-7608,J0401-7608,['B0403-76'],True,False,True,False,True,False,2021-05-14T02:33:16+00:00,2022-10-05T17:06:16+00:00,510,509.60625,163,,,False,EXCLUDED_SPAN_BELOW_1200_DAYS,ARRIVAL_TIMES_REQUIRE_PORTAL_LOGIN,NOT_ASSESSED_WITH_COMPLETE_TIMING_INPUTS,False
J0437-4715,J0437-4715,[],True,True,True,False,True,False,2021-04-01T05:37:33+00:00,2023-06-29T00:11:58+00:00,819,818.773900462963,497,,,False,EXCLUDED_BINARY,ARRIVAL_TIMES_REQUIRE_PORTAL_LOGIN,NOT_ASSESSED_WITH_COMPLETE_TIMING_INPUTS,False
J0452-1759,J0452-1759,['B0450-18'],True,False,True,True,True,True,2021-06-04T02:03:42+00:00,2023-06-29T00:27:15+00:00,755,754.9330208333333,412,,,False,EXCLUDED_SPAN_BELOW_1200_DAYS,ARRIVAL_TIMES_REQUIRE_PORTAL_LOGIN,NOT_ASSESSED_WITH_COMPLETE_TIMING_INPUTS,False
J0534+2200,J0534+2200,['B0531+21'],True,False,False,False,False,False,2021-04-07T06:31:51+00:00,2023-06-29T01:07:27+00:00,813,812.7747222222222,183,,,False,EXCLUDED_SPAN_BELOW_1200_DAYS,ARRIVAL_TIMES_REQUIRE_PORTAL_LOGIN,NOT_ASSESSED_WITH_COMPLETE_TIMING_INPUTS,False
J0536-7543,J0536-7543,['B0538-75'],True,False,True,True,True,True,2021-06-03T02:48:43+00:00,2023-06-26T01:22:52+00:00,753,752.9403819444444,231,,,False,EXCLUDED_SPAN_BELOW_1200_DAYS,ARRIVAL_TIMES_REQUIRE_PORTAL_LOGIN,NOT_ASSESSED_WITH_COMPLETE_TIMING_INPUTS,False
J0543+2329,J0543+2329,['B0540+23'],True,False,False,False,False,False,2021-05-12T04:26:05+00:00,2023-06-29T01:17:42+00:00,778,777.8691782407408,399,,,False,EXCLUDED_SPAN_BELOW_1200_DAYS,ARRIVAL_TIMES_REQUIRE_PORTAL_LOGIN,NOT_ASSESSED_WITH_COMPLETE_TIMING_INPUTS,False
J0601-0527,J0601-0527,['B0559-05'],True,False,True,True,True,True,2021-07-08T01:00:26+00:00,2023-06-29T01:36:29+00:00,722,721.0250347222222,349,,,False,EXCLUDED_SPAN_BELOW_1200_DAYS,ARRIVAL_TIMES_REQUIRE_PORTAL_LOGIN,NOT_ASSESSED_WITH_COMPLETE_TIMING_INPUTS,False
J0629+2415,J0629+2415,['B0626+24'],True,False,False,False,False,False,2021-06-11T03:12:59+00:00,2023-07-03T01:45:39+00:00,752,751.9393518518518,191,,,False,EXCLUDED_SPAN_BELOW_1200_DAYS,ARRIVAL_TIMES_REQUIRE_PORTAL_LOGIN,NOT_ASSESSED_WITH_COMPLETE_TIMING_INPUTS,False
J0630-2834,J0630-2834,['B0628-28'],True,False,True,True,True,True,2021-06-03T03:44:31+00:00,2023-06-30T02:01:09+00:00,757,756.9282175925925,218,,,False,EXCLUDED_SPAN_BELOW_1200_DAYS,ARRIVAL_TIMES_REQUIRE_PORTAL_LOGIN,NOT_ASSESSED_WITH_COMPLETE_TIMING_INPUTS,False
J0729-1836,J0729-1836,['B0727-18'],True,False,True,False,True,False,2021-07-08T02:27:37+00:00,2023-07-03T02:45:25+00:00,726,725.0123611111111,141,,,False,EXCLUDED_SPAN_BELOW_1200_DAYS,ARRIVAL_TIMES_REQUIRE_PORTAL_LOGIN,NOT_ASSESSED_WITH_COMPLETE_TIMING_INPUTS,False
J0737-3039A,J0737-3039A,[],True,True,True,False,True,False,2021-05-12T06:17:45+00:00,2023-06-30T03:04:29+00:00,779,778.8657870370371,166,,,False,EXCLUDED_BINARY,ARRIVAL_TIMES_REQUIRE_PORTAL_LOGIN,NOT_ASSESSED_WITH_COMPLETE_TIMING_INPUTS,False
J0738-4042,J0738-4042,['B0736-40'],True,False,True,True,True,True,2021-04-15T08:04:48+00:00,2023-07-03T02:56:53+00:00,809,808.7861689814815,152,,,False,EXCLUDED_SPAN_BELOW_1200_DAYS,ARRIVAL_TIMES_REQUIRE_PORTAL_LOGIN,NOT_ASSESSED_WITH_COMPLETE_TIMING_INPUTS,False
J0742-2822,J0742-2822,['B0740-28'],True,False,True,True,True,True,2021-06-03T04:56:19+00:00,2023-07-03T03:03:09+00:00,760,759.921412037037,166,,,False,EXCLUDED_SPAN_BELOW_1200_DAYS,ARRIVAL_TIMES_REQUIRE_PORTAL_LOGIN,NOT_ASSESSED_WITH_COMPLETE_TIMING_INPUTS,False
J0758-1528,J0758-1528,['B0756-15'],True,False,True,False,True,False,2021-06-09T04:48:34+00:00,2023-07-03T03:15:22+00:00,754,753.9352777777777,410,,,False,EXCLUDED_SPAN_BELOW_1200_DAYS,ARRIVAL_TIMES_REQUIRE_PORTAL_LOGIN,NOT_ASSESSED_WITH_COMPLETE_TIMING_INPUTS,False
J0809-4753,J0809-4753,['B0808-47'],True,False,True,False,True,False,2021-06-09T05:01:41+00:00,2023-07-03T03:26:29+00:00,754,753.9338888888889,428,,,False,EXCLUDED_SPAN_BELOW_1200_DAYS,ARRIVAL_TIMES_REQUIRE_PORTAL_LOGIN,NOT_ASSESSED_WITH_COMPLETE_TIMING_INPUTS,False
J0820-1350,J0820-1350,['B0818-13'],True,False,True,True,True,True,2021-06-03T05:34:06+00:00,2023-06-28T03:58:30+00:00,755,754.9336111111111,171,,,False,EXCLUDED_SPAN_BELOW_1200_DAYS,ARRIVAL_TIMES_REQUIRE_PORTAL_LOGIN,NOT_ASSESSED_WITH_COMPLETE_TIMING_INPUTS,False
J0823+0159,J0823+0159,['B0820+02'],True,True,False,False,False,False,2021-06-09T05:15:28+00:00,2023-06-29T03:55:06+00:00,750,749.9441898148148,155,,,False,EXCLUDED_BINARY,ARRIVAL_TIMES_REQUIRE_PORTAL_LOGIN,NOT_ASSESSED_WITH_COMPLETE_TIMING_INPUTS,False
J0828-3417,J0828-3417,['B0826-34'],True,False,False,False,False,False,2021-06-05T05:36:11+00:00,2023-06-30T03:56:55+00:00,755,754.9310648148148,116,,,False,EXCLUDED_SPAN_BELOW_1200_DAYS,ARRIVAL_TIMES_REQUIRE_PORTAL_LOGIN,NOT_ASSESSED_WITH_COMPLETE_TIMING_INPUTS,False
J0835-4510,J0835-4510,['B0833-45'],True,False,True,False,True,False,2021-04-01T09:56:27+00:00,2023-06-28T04:15:21+00:00,818,817.763125,268,,,False,EXCLUDED_SPAN_BELOW_1200_DAYS,ARRIVAL_TIMES_REQUIRE_PORTAL_LOGIN,NOT_ASSESSED_WITH_COMPLETE_TIMING_INPUTS,False
J0837+0610,J0837+0610,['B0834+06'],True,False,True,True,True,True,2021-06-09T05:29:12+00:00,2023-06-29T04:10:29+00:00,750,749.9453356481481,123,,,False,EXCLUDED_SPAN_BELOW_1200_DAYS,ARRIVAL_TIMES_REQUIRE_PORTAL_LOGIN,NOT_ASSESSED_WITH_COMPLETE_TIMING_INPUTS,False
J0837-4135,J0837-4135,['B0835-41'],True,False,True,True,True,True,2021-07-14T03:12:09+00:00,2023-06-30T04:09:28+00:00,717,716.0398032407408,131,,,False,EXCLUDED_SPAN_BELOW_1200_DAYS,ARRIVAL_TIMES_REQUIRE_PORTAL_LOGIN,NOT_ASSESSED_WITH_COMPLETE_TIMING_INPUTS,False
J0846-3533,J0846-3533,['B0844-35'],True,False,True,True,True,False,2021-06-04T05:55:48+00:00,2023-06-30T04:15:23+00:00,756,755.9302662037037,420,,,False,EXCLUDED_SPAN_BELOW_1200_DAYS,ARRIVAL_TIMES_REQUIRE_PORTAL_LOGIN,NOT_ASSESSED_WITH_COMPLETE_TIMING_INPUTS,False
J0855-3331,J0855-3331,['B0853-33'],True,False,True,True,True,False,2021-07-10T03:45:35+00:00,2023-06-30T04:24:04+00:00,721,720.026724537037,372,,,False,EXCLUDED_SPAN_BELOW_1200_DAYS,ARRIVAL_TIMES_REQUIRE_PORTAL_LOGIN,NOT_ASSESSED_WITH_COMPLETE_TIMING_INPUTS,False
J0905-5127,J0905-5127,[],True,False,True,True,False,False,2021-07-10T03:55:46+00:00,2023-06-29T04:39:02+00:00,720,719.0300462962963,106,,,False,EXCLUDED_SPAN_BELOW_1200_DAYS,ARRIVAL_TIMES_REQUIRE_PORTAL_LOGIN,NOT_ASSESSED_WITH_COMPLETE_TIMING_INPUTS,False
J0907-5157,J0907-5157,['B0905-51'],True,False,True,True,True,True,2021-06-03T06:20:20+00:00,2023-06-30T04:37:19+00:00,757,756.9284606481482,132,,,False,EXCLUDED_SPAN_BELOW_1200_DAYS,ARRIVAL_TIMES_REQUIRE_PORTAL_LOGIN,NOT_ASSESSED_WITH_COMPLETE_TIMING_INPUTS,False
J0908-1739,J0908-1739,['B0906-17'],True,False,True,False,True,False,2021-06-09T05:58:28+00:00,2023-06-27T04:49:00+00:00,748,747.9517592592592,104,,,False,EXCLUDED_SPAN_BELOW_1200_DAYS,ARRIVAL_TIMES_REQUIRE_PORTAL_LOGIN,NOT_ASSESSED_WITH_COMPLETE_TIMING_INPUTS,False
J0908-4913,J0908-4913,['B0906-49'],True,False,True,True,True,True,2021-04-22T09:06:58+00:00,2023-06-28T04:46:31+00:00,797,796.8191319444444,114,,,False,EXCLUDED_SPAN_BELOW_1200_DAYS,ARRIVAL_TIMES_REQUIRE_PORTAL_LOGIN,NOT_ASSESSED_WITH_COMPLETE_TIMING_INPUTS,False
J0922+0638,J0922+0638,['B0919+06'],True,False,True,False,True,False,2021-06-03T06:36:39+00:00,2023-06-30T04:51:04+00:00,757,756.9266782407408,424,,,False,EXCLUDED_SPAN_BELOW_1200_DAYS,ARRIVAL_TIMES_REQUIRE_PORTAL_LOGIN,NOT_ASSESSED_WITH_COMPLETE_TIMING_INPUTS,False
J0934-5249,J0934-5249,['B0932-52'],True,False,True,False,True,False,2021-06-05T06:41:58+00:00,2023-06-30T05:04:27+00:00,755,754.9322800925926,428,,,False,EXCLUDED_SPAN_BELOW_1200_DAYS,ARRIVAL_TIMES_REQUIRE_PORTAL_LOGIN,NOT_ASSESSED_WITH_COMPLETE_TIMING_INPUTS,False
J0942-5552,J0942-5552,['B0940-55'],True,False,True,False,True,False,2021-04-22T09:40:24+00:00,2023-06-29T05:16:09+00:00,798,797.8164930555556,243,,,False,EXCLUDED_SPAN_BELOW_1200_DAYS,ARRIVAL_TIMES_REQUIRE_PORTAL_LOGIN,NOT_ASSESSED_WITH_COMPLETE_TIMING_INPUTS,False
J0944-1354,J0944-1354,['B0942-13'],True,False,True,False,True,False,2021-06-05T06:52:22+00:00,2023-06-30T05:12:56+00:00,755,754.9309490740741,193,,,False,EXCLUDED_SPAN_BELOW_1200_DAYS,ARRIVAL_TIMES_REQUIRE_PORTAL_LOGIN,NOT_ASSESSED_WITH_COMPLETE_TIMING_INPUTS,False
J0953+0755,J0953+0755,['B0950+08'],True,False,True,True,True,True,2021-06-02T07:12:58+00:00,2023-06-29T05:27:02+00:00,757,756.9264351851851,167,,,False,EXCLUDED_SPAN_BELOW_1200_DAYS,ARRIVAL_TIMES_REQUIRE_PORTAL_LOGIN,NOT_ASSESSED_WITH_COMPLETE_TIMING_INPUTS,False
J0955-5304,J0955-5304,['B0953-52'],True,False,True,True,True,False,2021-06-05T07:03:04+00:00,2023-06-30T05:24:15+00:00,755,754.9313773148148,104,,,False,EXCLUDED_SPAN_BELOW_1200_DAYS,ARRIVAL_TIMES_REQUIRE_PORTAL_LOGIN,NOT_ASSESSED_WITH_COMPLETE_TIMING_INPUTS,False
J1001-5507,J1001-5507,['B0959-54'],True,False,True,True,True,True,2021-05-11T08:45:03+00:00,2023-06-27T05:41:11+00:00,777,776.8723148148148,152,,,False,EXCLUDED_SPAN_BELOW_1200_DAYS,ARRIVAL_TIMES_REQUIRE_PORTAL_LOGIN,NOT_ASSESSED_WITH_COMPLETE_TIMING_INPUTS,False
J1001-5559,J1001-5559,[],True,False,True,False,False,False,2021-04-22T09:59:20+00:00,2023-06-28T05:36:45+00:00,797,796.817650462963,91,,,False,EXCLUDED_SPAN_BELOW_1200_DAYS,ARRIVAL_TIMES_REQUIRE_PORTAL_LOGIN,NOT_ASSESSED_WITH_COMPLETE_TIMING_INPUTS,False
J1013-5934,J1013-5934,[],True,False,True,True,True,True,2021-06-09T07:03:01+00:00,2023-06-29T05:44:11+00:00,750,749.9452546296296,216,,,False,EXCLUDED_SPAN_BELOW_1200_DAYS,ARRIVAL_TIMES_REQUIRE_PORTAL_LOGIN,NOT_ASSESSED_WITH_COMPLETE_TIMING_INPUTS,False
J1017-5621,J1017-5621,['B1015-56'],True,False,True,False,True,False,2021-06-04T07:26:21+00:00,2023-06-30T05:47:04+00:00,756,755.9310532407408,229,,,False,EXCLUDED_SPAN_BELOW_1200_DAYS,ARRIVAL_TIMES_REQUIRE_PORTAL_LOGIN,NOT_ASSESSED_WITH_COMPLETE_TIMING_INPUTS,False
J1022+1001,J1022+1001,[],True,True,True,False,True,False,2021-06-05T07:28:31+00:00,2023-06-30T05:52:30+00:00,755,754.9333217592592,381,,,False,EXCLUDED_BINARY,ARRIVAL_TIMES_REQUIRE_PORTAL_LOGIN,NOT_ASSESSED_WITH_COMPLETE_TIMING_INPUTS,False
J1047-6709,J1047-6709,[],True,False,True,True,True,False,2021-05-05T09:54:22+00:00,2023-06-29T06:18:13+00:00,785,784.8498958333333,207,,,False,EXCLUDED_SPAN_BELOW_1200_DAYS,ARRIVAL_TIMES_REQUIRE_PORTAL_LOGIN,NOT_ASSESSED_WITH_COMPLETE_TIMING_INPUTS,False
J1048-5832,J1048-5832,['B1046-58'],True,False,True,True,True,True,2021-05-13T09:23:49+00:00,2023-06-30T06:15:49+00:00,778,777.8694444444444,253,,,False,EXCLUDED_SPAN_BELOW_1200_DAYS,ARRIVAL_TIMES_REQUIRE_PORTAL_LOGIN,NOT_ASSESSED_WITH_COMPLETE_TIMING_INPUTS,False
J1056-6258,J1056-6258,['B1054-62'],True,False,True,True,True,True,2021-04-22T10:54:36+00:00,2023-06-28T06:35:01+00:00,797,796.8197337962963,203,,,False,EXCLUDED_SPAN_BELOW_1200_DAYS,ARRIVAL_TIMES_REQUIRE_PORTAL_LOGIN,NOT_ASSESSED_WITH_COMPLETE_TIMING_INPUTS,False
J1057-5226,J1057-5226,['B1055-52'],True,False,True,True,True,True,2021-06-05T08:03:44+00:00,2023-06-30T06:26:05+00:00,755,754.9321875,126,,,False,EXCLUDED_SPAN_BELOW_1200_DAYS,ARRIVAL_TIMES_REQUIRE_PORTAL_LOGIN,NOT_ASSESSED_WITH_COMPLETE_TIMING_INPUTS,False
J1059-5742,J1059-5742,['B1056-57'],True,False,True,True,True,False,2021-09-06T01:59:36+00:00,2023-06-29T06:31:12+00:00,662,661.1886111111111,121,,,False,EXCLUDED_SPAN_BELOW_1200_DAYS,ARRIVAL_TIMES_REQUIRE_PORTAL_LOGIN,NOT_ASSESSED_WITH_COMPLETE_TIMING_INPUTS,False
J1114-6100,J1114-6100,['B1112-60'],True,False,True,True,True,False,2021-06-09T08:03:53+00:00,2021-09-20T01:19:02+00:00,103,102.71885416666667,28,,,False,EXCLUDED_SPAN_BELOW_1200_DAYS,ARRIVAL_TIMES_REQUIRE_PORTAL_LOGIN,NOT_ASSESSED_WITH_COMPLETE_TIMING_INPUTS,False
J1116-4122,J1116-4122,['B1114-41'],True,False,True,True,True,False,2021-06-03T08:32:02+00:00,2023-06-30T06:46:24+00:00,757,756.9266435185185,421,,,False,EXCLUDED_SPAN_BELOW_1200_DAYS,ARRIVAL_TIMES_REQUIRE_PORTAL_LOGIN,NOT_ASSESSED_WITH_COMPLETE_TIMING_INPUTS,False
J1136+1551,J1136+1551,['B1133+16'],True,False,True,True,True,False,2021-06-03T08:49:15+00:00,2023-06-30T07:06:31+00:00,757,756.9286574074074,154,,,False,EXCLUDED_SPAN_BELOW_1200_DAYS,ARRIVAL_TIMES_REQUIRE_PORTAL_LOGIN,NOT_ASSESSED_WITH_COMPLETE_TIMING_INPUTS,False
J1136-5525,J1136-5525,['B1133-55'],True,False,True,True,True,True,2021-06-09T08:25:35+00:00,2023-06-28T07:11:33+00:00,749,748.948587962963,169,,,False,EXCLUDED_SPAN_BELOW_1200_DAYS,ARRIVAL_TIMES_REQUIRE_PORTAL_LOGIN,NOT_ASSESSED_WITH_COMPLETE_TIMING_INPUTS,False
J1141-3322,J1141-3322,[],True,False,True,True,True,False,2021-07-08T06:39:05+00:00,2023-06-29T07:11:08+00:00,722,721.0222569444444,127,,,False,EXCLUDED_SPAN_BELOW_1200_DAYS,ARRIVAL_TIMES_REQUIRE_PORTAL_LOGIN,NOT_ASSESSED_WITH_COMPLETE_TIMING_INPUTS,False
J1141-6545,J1141-6545,[],True,True,True,False,True,False,2021-07-31T05:07:00+00:00,2023-05-17T10:03:53+00:00,656,655.2061689814815,83,,,False,EXCLUDED_BINARY,ARRIVAL_TIMES_REQUIRE_PORTAL_LOGIN,NOT_ASSESSED_WITH_COMPLETE_TIMING_INPUTS,False
J1157-6224,J1157-6224,['B1154-62'],True,False,True,True,True,True,2021-04-22T11:55:31+00:00,2023-06-30T07:28:19+00:00,799,798.8144444444445,433,,,False,EXCLUDED_SPAN_BELOW_1200_DAYS,ARRIVAL_TIMES_REQUIRE_PORTAL_LOGIN,NOT_ASSESSED_WITH_COMPLETE_TIMING_INPUTS,False
J1202-5820,J1202-5820,['B1159-58'],True,False,True,True,True,True,2021-06-02T09:19:25+00:00,2023-06-30T07:31:05+00:00,758,757.9247685185185,411,,,False,EXCLUDED_SPAN_BELOW_1200_DAYS,ARRIVAL_TIMES_REQUIRE_PORTAL_LOGIN,NOT_ASSESSED_WITH_COMPLETE_TIMING_INPUTS,False
J1210-5559,J1210-5559,[],True,False,True,True,True,True,2021-06-02T09:29:29+00:00,2023-06-30T07:38:21+00:00,758,757.9228240740741,426,,,False,EXCLUDED_SPAN_BELOW_1200_DAYS,ARRIVAL_TIMES_REQUIRE_PORTAL_LOGIN,NOT_ASSESSED_WITH_COMPLETE_TIMING_INPUTS,False
J1224-6407,J1224-6407,['B1221-63'],True,False,True,True,True,True,2021-06-03T09:39:28+00:00,2023-06-30T07:53:53+00:00,757,756.9266782407408,432,,,False,EXCLUDED_SPAN_BELOW_1200_DAYS,ARRIVAL_TIMES_REQUIRE_PORTAL_LOGIN,NOT_ASSESSED_WITH_COMPLETE_TIMING_INPUTS,False
J1239+2453,J1239+2453,['B1237+25'],True,False,False,False,False,False,2021-06-10T09:25:03+00:00,2023-06-29T08:09:55+00:00,749,748.9478240740741,229,,,False,EXCLUDED_SPAN_BELOW_1200_DAYS,ARRIVAL_TIMES_REQUIRE_PORTAL_LOGIN,NOT_ASSESSED_WITH_COMPLETE_TIMING_INPUTS,False
J1243-6423,J1243-6423,['B1240-64'],True,False,True,True,True,True,2021-04-22T12:41:36+00:00,2023-06-30T08:14:14+00:00,799,798.8143287037037,271,,,False,EXCLUDED_SPAN_BELOW_1200_DAYS,ARRIVAL_TIMES_REQUIRE_PORTAL_LOGIN,NOT_ASSESSED_WITH_COMPLETE_TIMING_INPUTS,False
J1253-5820,J1253-5820,[],True,False,True,True,True,True,2021-06-09T09:43:01+00:00,2023-06-29T08:23:42+00:00,750,749.9449189814815,171,,,False,EXCLUDED_SPAN_BELOW_1200_DAYS,ARRIVAL_TIMES_REQUIRE_PORTAL_LOGIN,NOT_ASSESSED_WITH_COMPLETE_TIMING_INPUTS,False
J1257-1027,J1257-1027,['B1254-10'],True,False,True,False,True,False,2021-06-03T10:09:59+00:00,2023-06-30T08:24:21+00:00,757,756.9266435185185,105,,,False,EXCLUDED_SPAN_BELOW_1200_DAYS,ARRIVAL_TIMES_REQUIRE_PORTAL_LOGIN,NOT_ASSESSED_WITH_COMPLETE_TIMING_INPUTS,False
J1306-6617,J1306-6617,['B1303-66'],True,False,True,True,True,True,2021-06-09T09:57:59+00:00,2023-06-28T08:42:15+00:00,749,748.9474074074074,163,,,False,EXCLUDED_SPAN_BELOW_1200_DAYS,ARRIVAL_TIMES_REQUIRE_PORTAL_LOGIN,NOT_ASSESSED_WITH_COMPLETE_TIMING_INPUTS,False
J1326-5859,J1326-5859,['B1323-58'],True,False,True,True,True,True,2021-06-03T10:40:08+00:00,2023-06-27T09:07:38+00:00,754,753.9357638888889,103,,,False,EXCLUDED_SPAN_BELOW_1200_DAYS,ARRIVAL_TIMES_REQUIRE_PORTAL_LOGIN,NOT_ASSESSED_WITH_COMPLETE_TIMING_INPUTS,False
J1326-6408,J1326-6408,['B1323-63'],True,False,True,True,True,False,2021-06-09T10:16:14+00:00,2023-06-28T09:00:36+00:00,749,748.9474768518519,88,,,False,EXCLUDED_SPAN_BELOW_1200_DAYS,ARRIVAL_TIMES_REQUIRE_PORTAL_LOGIN,NOT_ASSESSED_WITH_COMPLETE_TIMING_INPUTS,False
J1326-6700,J1326-6700,['B1322-66'],True,False,True,True,True,True,2021-08-11T06:09:13+00:00,2023-06-26T09:10:38+00:00,685,684.1259837962963,81,,,False,EXCLUDED_SPAN_BELOW_1200_DAYS,ARRIVAL_TIMES_REQUIRE_PORTAL_LOGIN,NOT_ASSESSED_WITH_COMPLETE_TIMING_INPUTS,False
J1327-6222,J1327-6222,['B1323-62'],True,False,True,True,True,True,2021-04-22T13:25:36+00:00,2023-06-29T09:00:04+00:00,798,797.8156018518519,103,,,False,EXCLUDED_SPAN_BELOW_1200_DAYS,ARRIVAL_TIMES_REQUIRE_PORTAL_LOGIN,NOT_ASSESSED_WITH_COMPLETE_TIMING_INPUTS,False
J1328-4357,J1328-4357,['B1325-43'],True,False,True,False,True,False,2021-07-08T08:25:18+00:00,2023-06-30T08:55:47+00:00,723,722.0211689814815,92,,,False,EXCLUDED_SPAN_BELOW_1200_DAYS,ARRIVAL_TIMES_REQUIRE_PORTAL_LOGIN,NOT_ASSESSED_WITH_COMPLETE_TIMING_INPUTS,False
J1338-6204,J1338-6204,['B1334-61'],True,False,True,True,True,False,2021-06-09T10:29:59+00:00,2021-09-26T03:18:46+00:00,109,108.70054398148149,62,,,False,EXCLUDED_SPAN_BELOW_1200_DAYS,ARRIVAL_TIMES_REQUIRE_PORTAL_LOGIN,NOT_ASSESSED_WITH_COMPLETE_TIMING_INPUTS,False
J1357-62,J1357-62,[],False,False,False,False,False,False,2021-06-09T10:49:24+00:00,2023-06-28T09:28:34+00:00,749,748.9438657407408,195,,,False,IDENTITY_UNRESOLVED,ARRIVAL_TIMES_REQUIRE_PORTAL_LOGIN,NOT_ASSESSED_WITH_COMPLETE_TIMING_INPUTS,False
J1359-6038,J1359-6038,['B1356-60'],True,False,True,True,True,True,2021-04-22T13:58:22+00:00,2023-06-29T09:32:20+00:00,798,797.8152546296296,199,,,False,EXCLUDED_SPAN_BELOW_1200_DAYS,ARRIVAL_TIMES_REQUIRE_PORTAL_LOGIN,NOT_ASSESSED_WITH_COMPLETE_TIMING_INPUTS,False
J1401-6357,J1401-6357,['B1358-63'],True,False,True,True,True,True,2021-06-02T11:19:14+00:00,2023-06-30T09:28:57+00:00,758,757.9234143518519,148,,,False,EXCLUDED_SPAN_BELOW_1200_DAYS,ARRIVAL_TIMES_REQUIRE_PORTAL_LOGIN,NOT_ASSESSED_WITH_COMPLETE_TIMING_INPUTS,False
J1410-7404,J1410-7404,[],True,False,True,True,False,False,2021-06-09T11:02:26+00:00,2023-06-30T09:39:11+00:00,751,750.9421875,443,,,False,EXCLUDED_SPAN_BELOW_1200_DAYS,ARRIVAL_TIMES_REQUIRE_PORTAL_LOGIN,NOT_ASSESSED_WITH_COMPLETE_TIMING_INPUTS,False
J1418-3921,J1418-3921,[],True,False,True,True,True,True,2021-07-20T08:07:37+00:00,2023-06-30T09:48:02+00:00,711,710.0697337962963,389,,,False,EXCLUDED_SPAN_BELOW_1200_DAYS,ARRIVAL_TIMES_REQUIRE_PORTAL_LOGIN,NOT_ASSESSED_WITH_COMPLETE_TIMING_INPUTS,False
J1428-5530,J1428-5530,['B1424-55'],True,False,True,True,True,True,2021-06-02T11:45:28+00:00,2023-06-29T10:00:23+00:00,757,756.927025462963,273,,,False,EXCLUDED_SPAN_BELOW_1200_DAYS,ARRIVAL_TIMES_REQUIRE_PORTAL_LOGIN,NOT_ASSESSED_WITH_COMPLETE_TIMING_INPUTS,False
J1430-6623,J1430-6623,['B1426-66'],True,False,True,True,True,True,2021-04-22T14:29:16+00:00,2023-06-30T09:59:51+00:00,799,798.8129050925926,256,,,False,EXCLUDED_SPAN_BELOW_1200_DAYS,ARRIVAL_TIMES_REQUIRE_PORTAL_LOGIN,NOT_ASSESSED_WITH_COMPLETE_TIMING_INPUTS,False
J1440-6344,J1440-6344,['B1436-63'],True,False,False,False,False,False,2021-06-04T11:50:06+00:00,2023-06-30T10:09:40+00:00,756,755.9302546296296,399,,,False,EXCLUDED_SPAN_BELOW_1200_DAYS,ARRIVAL_TIMES_REQUIRE_PORTAL_LOGIN,NOT_ASSESSED_WITH_COMPLETE_TIMING_INPUTS,False
J1453-6413,J1453-6413,['B1449-64'],True,False,True,True,True,True,2021-04-22T14:51:59+00:00,2023-06-29T10:26:35+00:00,798,797.8156944444445,280,,,False,EXCLUDED_SPAN_BELOW_1200_DAYS,ARRIVAL_TIMES_REQUIRE_PORTAL_LOGIN,NOT_ASSESSED_WITH_COMPLETE_TIMING_INPUTS,False
J1456-6843,J1456-6843,['B1451-68'],True,False,True,True,True,True,2021-06-02T12:13:22+00:00,2023-06-30T10:25:05+00:00,758,757.9248032407407,229,,,False,EXCLUDED_SPAN_BELOW_1200_DAYS,ARRIVAL_TIMES_REQUIRE_PORTAL_LOGIN,NOT_ASSESSED_WITH_COMPLETE_TIMING_INPUTS,False
J1507-4352,J1507-4352,['B1504-43'],True,False,True,True,True,False,2021-06-02T12:26:36+00:00,2023-06-29T10:35:36+00:00,757,756.9229166666667,215,,,False,EXCLUDED_SPAN_BELOW_1200_DAYS,ARRIVAL_TIMES_REQUIRE_PORTAL_LOGIN,NOT_ASSESSED_WITH_COMPLETE_TIMING_INPUTS,False
J1512-5759,J1512-5759,['B1508-57'],True,False,True,False,True,False,2021-06-09T12:02:22+00:00,2023-06-30T10:40:06+00:00,751,750.9428703703703,256,,,False,EXCLUDED_SPAN_BELOW_1200_DAYS,ARRIVAL_TIMES_REQUIRE_PORTAL_LOGIN,NOT_ASSESSED_WITH_COMPLETE_TIMING_INPUTS,False
J1522-5829,J1522-5829,['B1518-58'],True,False,True,False,True,False,2021-06-04T12:31:57+00:00,2023-06-30T10:51:13+00:00,756,755.9300462962963,471,,,False,EXCLUDED_SPAN_BELOW_1200_DAYS,ARRIVAL_TIMES_REQUIRE_PORTAL_LOGIN,NOT_ASSESSED_WITH_COMPLETE_TIMING_INPUTS,False
J1534-5334,J1534-5334,['B1530-53'],True,False,True,True,True,True,2021-04-22T15:32:18+00:00,2023-06-30T11:04:18+00:00,799,798.8138888888889,476,,,False,EXCLUDED_SPAN_BELOW_1200_DAYS,ARRIVAL_TIMES_REQUIRE_PORTAL_LOGIN,NOT_ASSESSED_WITH_COMPLETE_TIMING_INPUTS,False
J1539-5626,J1539-5626,['B1535-56'],True,False,True,False,True,False,2021-06-09T12:28:46+00:00,2023-06-29T11:11:20+00:00,750,749.9462268518519,124,,,False,EXCLUDED_SPAN_BELOW_1200_DAYS,ARRIVAL_TIMES_REQUIRE_PORTAL_LOGIN,NOT_ASSESSED_WITH_COMPLETE_TIMING_INPUTS,False
J1543+0929,J1543+0929,['B1541+09'],True,False,True,True,True,False,2021-06-04T12:52:07+00:00,2023-06-27T11:21:16+00:00,753,752.9369097222223,116,,,False,EXCLUDED_SPAN_BELOW_1200_DAYS,ARRIVAL_TIMES_REQUIRE_PORTAL_LOGIN,NOT_ASSESSED_WITH_COMPLETE_TIMING_INPUTS,False
J1543-0620,J1543-0620,['B1540-06'],True,False,True,True,False,False,2021-06-02T12:59:53+00:00,2023-06-30T11:11:59+00:00,758,757.9250694444445,130,,,False,EXCLUDED_SPAN_BELOW_1200_DAYS,ARRIVAL_TIMES_REQUIRE_PORTAL_LOGIN,NOT_ASSESSED_WITH_COMPLETE_TIMING_INPUTS,False
J1544-5308,J1544-5308,['B1541-52'],True,False,True,True,True,True,2021-07-10T10:33:51+00:00,2023-06-28T11:21:59+00:00,719,718.0334259259259,106,,,False,EXCLUDED_SPAN_BELOW_1200_DAYS,ARRIVAL_TIMES_REQUIRE_PORTAL_LOGIN,NOT_ASSESSED_WITH_COMPLETE_TIMING_INPUTS,False
J1553-5456,J1553-5456,['B1550-54'],True,False,True,False,True,False,2021-06-04T13:05:19+00:00,2023-06-20T12:00:28+00:00,746,745.9549652777778,98,,,False,EXCLUDED_SPAN_BELOW_1200_DAYS,ARRIVAL_TIMES_REQUIRE_PORTAL_LOGIN,NOT_ASSESSED_WITH_COMPLETE_TIMING_INPUTS,False
J1557-4258,J1557-4258,[],True,False,True,True,True,True,2021-06-02T13:15:11+00:00,2023-06-27T11:36:35+00:00,755,754.9315277777778,140,,,False,EXCLUDED_SPAN_BELOW_1200_DAYS,ARRIVAL_TIMES_REQUIRE_PORTAL_LOGIN,NOT_ASSESSED_WITH_COMPLETE_TIMING_INPUTS,False
J1559-4438,J1559-4438,['B1556-44'],True,False,True,True,True,True,2021-06-09T12:48:56+00:00,2023-06-29T11:33:53+00:00,750,749.9478819444445,96,,,False,EXCLUDED_SPAN_BELOW_1200_DAYS,ARRIVAL_TIMES_REQUIRE_PORTAL_LOGIN,NOT_ASSESSED_WITH_COMPLETE_TIMING_INPUTS,False
J1600-5044,J1600-5044,['B1557-50'],True,False,True,True,True,True,2021-04-22T15:58:57+00:00,2023-06-26T11:44:02+00:00,795,794.822974537037,121,,,False,EXCLUDED_SPAN_BELOW_1200_DAYS,ARRIVAL_TIMES_REQUIRE_PORTAL_LOGIN,NOT_ASSESSED_WITH_COMPLETE_TIMING_INPUTS,False
J1602-5100,J1602-5100,['B1558-50'],True,False,True,True,False,False,2021-07-05T11:13:01+00:00,2023-06-28T11:36:06+00:00,724,723.0160300925926,96,,,False,EXCLUDED_SPAN_BELOW_1200_DAYS,ARRIVAL_TIMES_REQUIRE_PORTAL_LOGIN,NOT_ASSESSED_WITH_COMPLETE_TIMING_INPUTS,False
J1604-4909,J1604-4909,['B1600-49'],True,False,True,True,True,True,2021-07-20T10:15:17+00:00,2023-06-30T11:32:46+00:00,711,710.0538078703704,93,,,False,EXCLUDED_SPAN_BELOW_1200_DAYS,ARRIVAL_TIMES_REQUIRE_PORTAL_LOGIN,NOT_ASSESSED_WITH_COMPLETE_TIMING_INPUTS,False
J1605-5257,J1605-5257,['B1601-52'],True,False,True,True,True,True,2021-07-10T10:54:53+00:00,2023-06-20T12:13:01+00:00,711,710.0542592592593,97,,,False,EXCLUDED_SPAN_BELOW_1200_DAYS,ARRIVAL_TIMES_REQUIRE_PORTAL_LOGIN,NOT_ASSESSED_WITH_COMPLETE_TIMING_INPUTS,False
J1607-0032,J1607-0032,['B1604-00'],True,False,True,True,False,False,2021-06-02T13:25:49+00:00,2023-06-27T11:48:44+00:00,755,754.9325810185185,111,,,False,EXCLUDED_SPAN_BELOW_1200_DAYS,ARRIVAL_TIMES_REQUIRE_PORTAL_LOGIN,NOT_ASSESSED_WITH_COMPLETE_TIMING_INPUTS,False
J1630-4733,J1630-4733,['B1626-47'],True,False,False,False,False,False,2021-06-09T13:19:49+00:00,2021-09-20T06:33:54+00:00,103,102.71811342592592,28,,,False,EXCLUDED_SPAN_BELOW_1200_DAYS,ARRIVAL_TIMES_REQUIRE_PORTAL_LOGIN,NOT_ASSESSED_WITH_COMPLETE_TIMING_INPUTS,False
J1633-5015,J1633-5015,['B1629-50'],True,False,True,True,True,True,2021-04-22T16:31:01+00:00,2023-06-30T12:01:50+00:00,799,798.8130671296296,464,,,False,EXCLUDED_SPAN_BELOW_1200_DAYS,ARRIVAL_TIMES_REQUIRE_PORTAL_LOGIN,NOT_ASSESSED_WITH_COMPLETE_TIMING_INPUTS,False
J1643-1224,J1643-1224,[],True,True,True,False,False,False,2021-06-09T13:34:17+00:00,2023-06-28T12:19:28+00:00,749,748.9480439814815,151,,,False,EXCLUDED_BINARY,ARRIVAL_TIMES_REQUIRE_PORTAL_LOGIN,NOT_ASSESSED_WITH_COMPLETE_TIMING_INPUTS,False
J1644-4559,J1644-4559,['B1641-45'],True,False,True,True,True,True,2021-04-07T17:42:06+00:00,2023-06-30T12:13:37+00:00,814,813.7718865740741,202,,,False,EXCLUDED_SPAN_BELOW_1200_DAYS,ARRIVAL_TIMES_REQUIRE_PORTAL_LOGIN,NOT_ASSESSED_WITH_COMPLETE_TIMING_INPUTS,False
J1645-0317,J1645-0317,['B1642-03'],True,False,True,True,False,False,2021-06-02T14:01:16+00:00,2023-06-29T12:16:56+00:00,757,756.9275462962963,120,,,False,EXCLUDED_SPAN_BELOW_1200_DAYS,ARRIVAL_TIMES_REQUIRE_PORTAL_LOGIN,NOT_ASSESSED_WITH_COMPLETE_TIMING_INPUTS,False
J1651-4246,J1651-4246,['B1648-42'],True,False,True,True,True,True,2021-06-02T14:10:44+00:00,2023-06-30T12:20:36+00:00,758,757.9235185185186,210,,,False,EXCLUDED_SPAN_BELOW_1200_DAYS,ARRIVAL_TIMES_REQUIRE_PORTAL_LOGIN,NOT_ASSESSED_WITH_COMPLETE_TIMING_INPUTS,False
J1651-5222,J1651-5222,['B1647-52'],True,False,True,True,True,True,2021-07-31T10:16:55+00:00,2023-06-29T12:24:18+00:00,699,698.0884606481482,203,,,False,EXCLUDED_SPAN_BELOW_1200_DAYS,ARRIVAL_TIMES_REQUIRE_PORTAL_LOGIN,NOT_ASSESSED_WITH_COMPLETE_TIMING_INPUTS,False
J1701-3726,J1701-3726,['B1658-37'],True,False,True,False,True,False,2021-06-04T14:10:06+00:00,2023-06-20T13:08:34+00:00,746,745.9572685185185,110,,,False,EXCLUDED_SPAN_BELOW_1200_DAYS,ARRIVAL_TIMES_REQUIRE_PORTAL_LOGIN,NOT_ASSESSED_WITH_COMPLETE_TIMING_INPUTS,False
J1703-1846,J1703-1846,['B1700-18'],True,False,True,True,True,False,2021-06-02T14:22:34+00:00,2023-06-30T12:30:37+00:00,758,757.9222569444445,70,,,False,EXCLUDED_SPAN_BELOW_1200_DAYS,ARRIVAL_TIMES_REQUIRE_PORTAL_LOGIN,NOT_ASSESSED_WITH_COMPLETE_TIMING_INPUTS,False
J1703-3241,J1703-3241,['B1700-32'],True,False,True,True,True,True,2021-06-09T13:54:43+00:00,2023-06-29T12:36:33+00:00,750,749.9457175925926,79,,,False,EXCLUDED_SPAN_BELOW_1200_DAYS,ARRIVAL_TIMES_REQUIRE_PORTAL_LOGIN,NOT_ASSESSED_WITH_COMPLETE_TIMING_INPUTS,False
J1703-4851,J1703-4851,[],True,False,True,True,True,False,2021-07-05T12:10:21+00:00,2023-06-27T12:43:57+00:00,723,722.0233333333333,68,,,False,EXCLUDED_SPAN_BELOW_1200_DAYS,ARRIVAL_TIMES_REQUIRE_PORTAL_LOGIN,NOT_ASSESSED_WITH_COMPLETE_TIMING_INPUTS,False
J1705-1906,J1705-1906,['B1702-19'],True,False,True,True,True,True,2021-05-13T15:40:31+00:00,2023-06-28T12:38:33+00:00,776,775.8736342592592,73,,,False,EXCLUDED_SPAN_BELOW_1200_DAYS,ARRIVAL_TIMES_REQUIRE_PORTAL_LOGIN,NOT_ASSESSED_WITH_COMPLETE_TIMING_INPUTS,False
J1705-3423,J1705-3423,[],True,False,True,True,True,True,2021-07-08T12:02:13+00:00,2023-06-26T12:49:22+00:00,719,718.0327430555556,81,,,False,EXCLUDED_SPAN_BELOW_1200_DAYS,ARRIVAL_TIMES_REQUIRE_PORTAL_LOGIN,NOT_ASSESSED_WITH_COMPLETE_TIMING_INPUTS,False
J1709-1640,J1709-1640,['B1706-16'],True,False,True,True,True,False,2021-04-22T17:06:55+00:00,2023-06-29T12:41:09+00:00,798,797.8154398148148,83,,,False,EXCLUDED_SPAN_BELOW_1200_DAYS,ARRIVAL_TIMES_REQUIRE_PORTAL_LOGIN,NOT_ASSESSED_WITH_COMPLETE_TIMING_INPUTS,False
J1709-4429,J1709-4429,['B1706-44'],True,False,True,True,True,False,2021-06-04T14:20:49+00:00,2023-06-20T13:15:48+00:00,746,745.954849537037,94,,,False,EXCLUDED_SPAN_BELOW_1200_DAYS,ARRIVAL_TIMES_REQUIRE_PORTAL_LOGIN,NOT_ASSESSED_WITH_COMPLETE_TIMING_INPUTS,False
J1713+0747,J1713+0747,[],True,True,True,False,False,False,2021-05-20T15:21:12+00:00,2023-06-30T12:40:25+00:00,771,770.8883449074074,96,,,False,EXCLUDED_BINARY,ARRIVAL_TIMES_REQUIRE_PORTAL_LOGIN,NOT_ASSESSED_WITH_COMPLETE_TIMING_INPUTS,False
J1717-3425,J1717-3425,['B1714-34'],True,False,True,False,True,False,2021-06-09T14:07:29+00:00,2023-06-28T12:51:17+00:00,749,748.9470833333334,188,,,False,EXCLUDED_SPAN_BELOW_1200_DAYS,ARRIVAL_TIMES_REQUIRE_PORTAL_LOGIN,NOT_ASSESSED_WITH_COMPLETE_TIMING_INPUTS,False
J1720-1633,J1720-1633,['B1717-16'],True,False,True,False,True,False,2021-06-04T14:31:12+00:00,2023-06-29T12:50:35+00:00,755,754.9301273148149,128,,,False,EXCLUDED_SPAN_BELOW_1200_DAYS,ARRIVAL_TIMES_REQUIRE_PORTAL_LOGIN,NOT_ASSESSED_WITH_COMPLETE_TIMING_INPUTS,False
J1722-3207,J1722-3207,['B1718-32'],True,False,True,False,True,False,2021-05-12T16:02:22+00:00,2023-06-30T12:50:15+00:00,779,778.8665856481482,84,,,False,EXCLUDED_SPAN_BELOW_1200_DAYS,ARRIVAL_TIMES_REQUIRE_PORTAL_LOGIN,NOT_ASSESSED_WITH_COMPLETE_TIMING_INPUTS,False
J1722-3712,J1722-3712,['B1719-37'],True,False,True,False,True,False,2021-08-03T10:35:39+00:00,2023-06-20T13:31:21+00:00,687,686.1220138888889,95,,,False,EXCLUDED_SPAN_BELOW_1200_DAYS,ARRIVAL_TIMES_REQUIRE_PORTAL_LOGIN,NOT_ASSESSED_WITH_COMPLETE_TIMING_INPUTS,False
J1731-4744,J1731-4744,['B1727-47'],True,False,True,False,True,False,2021-04-22T17:29:27+00:00,2023-06-29T13:04:18+00:00,798,797.8158680555556,269,,,False,EXCLUDED_SPAN_BELOW_1200_DAYS,ARRIVAL_TIMES_REQUIRE_PORTAL_LOGIN,NOT_ASSESSED_WITH_COMPLETE_TIMING_INPUTS,False
J1733-2228,J1733-2228,['B1730-22'],True,False,True,False,True,False,2021-06-04T14:44:05+00:00,2023-06-30T13:00:56+00:00,756,755.9283680555556,194,,,False,EXCLUDED_SPAN_BELOW_1200_DAYS,ARRIVAL_TIMES_REQUIRE_PORTAL_LOGIN,NOT_ASSESSED_WITH_COMPLETE_TIMING_INPUTS,False
J1740-3015,J1740-3015,['B1737-30'],True,False,True,False,True,False,2021-06-17T14:00:14+00:00,2023-06-29T13:13:09+00:00,742,741.9673032407408,114,,,False,EXCLUDED_SPAN_BELOW_1200_DAYS,ARRIVAL_TIMES_REQUIRE_PORTAL_LOGIN,NOT_ASSESSED_WITH_COMPLETE_TIMING_INPUTS,False
J1741-3927,J1741-3927,['B1737-39'],True,False,True,False,True,False,2021-08-10T10:28:10+00:00,2023-06-30T13:09:18+00:00,690,689.1118981481482,95,,,False,EXCLUDED_SPAN_BELOW_1200_DAYS,ARRIVAL_TIMES_REQUIRE_PORTAL_LOGIN,NOT_ASSESSED_WITH_COMPLETE_TIMING_INPUTS,False
J1743-3150,J1743-3150,['B1740-31'],True,False,True,False,True,False,2021-07-10T12:32:07+00:00,2023-06-27T13:24:04+00:00,718,717.0360763888889,104,,,False,EXCLUDED_SPAN_BELOW_1200_DAYS,ARRIVAL_TIMES_REQUIRE_PORTAL_LOGIN,NOT_ASSESSED_WITH_COMPLETE_TIMING_INPUTS,False
J1744-1134,J1744-1134,[],True,False,True,True,False,False,2021-06-02T15:02:53+00:00,2023-06-28T13:19:50+00:00,756,755.9284375,124,,,False,EXCLUDED_SPAN_BELOW_1200_DAYS,ARRIVAL_TIMES_REQUIRE_PORTAL_LOGIN,NOT_ASSESSED_WITH_COMPLETE_TIMING_INPUTS,False
J1745-3040,J1745-3040,['B1742-30'],True,False,True,True,True,True,2021-05-12T16:26:46+00:00,2023-06-29T13:18:23+00:00,778,777.8691782407408,127,,,False,EXCLUDED_SPAN_BELOW_1200_DAYS,ARRIVAL_TIMES_REQUIRE_PORTAL_LOGIN,NOT_ASSESSED_WITH_COMPLETE_TIMING_INPUTS,False
J1751-4657,J1751-4657,['B1747-46'],True,False,True,True,True,True,2021-06-09T14:41:28+00:00,2023-06-29T13:24:07+00:00,750,749.9462847222222,215,,,False,EXCLUDED_SPAN_BELOW_1200_DAYS,ARRIVAL_TIMES_REQUIRE_PORTAL_LOGIN,NOT_ASSESSED_WITH_COMPLETE_TIMING_INPUTS,False
J1752-2806,J1752-2806,['B1749-28'],True,False,True,True,True,True,2021-04-22T17:50:28+00:00,2023-06-30T13:22:45+00:00,799,798.8140856481482,229,,,False,EXCLUDED_SPAN_BELOW_1200_DAYS,ARRIVAL_TIMES_REQUIRE_PORTAL_LOGIN,NOT_ASSESSED_WITH_COMPLETE_TIMING_INPUTS,True
J1757-2421,J1757-2421,['B1754-24'],True,False,True,False,True,False,2021-07-07T12:55:18+00:00,2023-06-30T13:25:57+00:00,724,723.0212847222223,387,,,False,EXCLUDED_SPAN_BELOW_1200_DAYS,ARRIVAL_TIMES_REQUIRE_PORTAL_LOGIN,NOT_ASSESSED_WITH_COMPLETE_TIMING_INPUTS,False
J1803-2137,J1803-2137,['B1800-21'],True,False,True,False,True,False,2021-05-14T16:34:48+00:00,2023-06-30T13:31:57+00:00,777,776.8730208333334,283,,,False,EXCLUDED_SPAN_BELOW_1200_DAYS,ARRIVAL_TIMES_REQUIRE_PORTAL_LOGIN,NOT_ASSESSED_WITH_COMPLETE_TIMING_INPUTS,False
J1807-0847,J1807-0847,['B1804-08'],True,False,True,True,True,True,2021-06-02T15:23:39+00:00,2022-09-22T08:04:57+00:00,477,476.6953472222222,124,,,False,EXCLUDED_SPAN_BELOW_1200_DAYS,ARRIVAL_TIMES_REQUIRE_PORTAL_LOGIN,NOT_ASSESSED_WITH_COMPLETE_TIMING_INPUTS,False
J1809-1943,J1809-1943,[],True,False,False,False,False,False,2021-06-09T14:58:38+00:00,2022-10-15T06:36:43+00:00,493,492.6514467592593,123,,,False,EXCLUDED_SPAN_BELOW_1200_DAYS,ARRIVAL_TIMES_REQUIRE_PORTAL_LOGIN,NOT_ASSESSED_WITH_COMPLETE_TIMING_INPUTS,False
J1817-3618,J1817-3618,['B1813-36'],True,False,True,False,False,False,2021-06-04T15:25:53+00:00,2023-06-28T13:52:50+00:00,754,753.9353819444444,153,,,False,EXCLUDED_SPAN_BELOW_1200_DAYS,ARRIVAL_TIMES_REQUIRE_PORTAL_LOGIN,NOT_ASSESSED_WITH_COMPLETE_TIMING_INPUTS,False
J1817-3837,J1817-3837,[],True,False,True,False,False,False,2021-06-09T15:08:12+00:00,2023-06-30T13:45:13+00:00,751,750.9423726851852,157,,,False,EXCLUDED_SPAN_BELOW_1200_DAYS,ARRIVAL_TIMES_REQUIRE_PORTAL_LOGIN,NOT_ASSESSED_WITH_COMPLETE_TIMING_INPUTS,False
J1820-0427,J1820-0427,['B1818-04'],True,False,True,True,True,True,2021-04-22T18:18:04+00:00,2023-06-29T13:51:51+00:00,798,797.8151273148148,68,,,False,EXCLUDED_SPAN_BELOW_1200_DAYS,ARRIVAL_TIMES_REQUIRE_PORTAL_LOGIN,NOT_ASSESSED_WITH_COMPLETE_TIMING_INPUTS,False
J1822-2256,J1822-2256,['B1819-22'],True,False,True,False,True,False,2021-06-02T15:39:58+00:00,2023-06-27T14:02:11+00:00,755,754.9320949074074,78,,,False,EXCLUDED_SPAN_BELOW_1200_DAYS,ARRIVAL_TIMES_REQUIRE_PORTAL_LOGIN,NOT_ASSESSED_WITH_COMPLETE_TIMING_INPUTS,False
J1823-3106,J1823-3106,['B1820-31'],True,False,True,False,True,False,2021-07-05T13:30:28+00:00,2023-06-26T14:07:44+00:00,722,721.0258796296297,161,,,False,EXCLUDED_SPAN_BELOW_1200_DAYS,ARRIVAL_TIMES_REQUIRE_PORTAL_LOGIN,NOT_ASSESSED_WITH_COMPLETE_TIMING_INPUTS,False
J1824-1945,J1824-1945,['B1821-19'],True,False,True,True,True,True,2021-07-24T12:16:52+00:00,2023-06-28T14:00:54+00:00,705,704.0722453703704,69,,,False,EXCLUDED_SPAN_BELOW_1200_DAYS,ARRIVAL_TIMES_REQUIRE_PORTAL_LOGIN,NOT_ASSESSED_WITH_COMPLETE_TIMING_INPUTS,False
J1825-0935,J1825-0935,['B1822-09'],True,False,True,True,True,True,2021-05-14T16:58:40+00:00,2023-06-30T13:52:52+00:00,777,776.8709722222222,72,,,False,EXCLUDED_SPAN_BELOW_1200_DAYS,ARRIVAL_TIMES_REQUIRE_PORTAL_LOGIN,NOT_ASSESSED_WITH_COMPLETE_TIMING_INPUTS,False
J1829-1751,J1829-1751,['B1826-17'],True,False,True,True,True,True,2021-06-09T15:20:49+00:00,2023-06-26T14:13:40+00:00,747,746.9533680555555,156,,,False,EXCLUDED_SPAN_BELOW_1200_DAYS,ARRIVAL_TIMES_REQUIRE_PORTAL_LOGIN,NOT_ASSESSED_WITH_COMPLETE_TIMING_INPUTS,False
J1833-0338,J1833-0338,['B1831-03'],True,False,True,True,True,False,2021-04-22T18:32:51+00:00,2023-06-27T14:13:19+00:00,796,795.8197685185186,74,,,False,EXCLUDED_SPAN_BELOW_1200_DAYS,ARRIVAL_TIMES_REQUIRE_PORTAL_LOGIN,NOT_ASSESSED_WITH_COMPLETE_TIMING_INPUTS,False
J1834-0426,J1834-0426,['B1831-04'],True,False,True,True,True,False,2021-06-02T15:52:45+00:00,2023-06-29T14:06:02+00:00,757,756.9258912037037,57,,,False,EXCLUDED_SPAN_BELOW_1200_DAYS,ARRIVAL_TIMES_REQUIRE_PORTAL_LOGIN,NOT_ASSESSED_WITH_COMPLETE_TIMING_INPUTS,False
J1835-1106,J1835-1106,[],True,False,True,False,False,False,2021-07-10T13:23:44+00:00,2023-06-28T14:09:51+00:00,719,718.0320254629629,67,,,False,EXCLUDED_SPAN_BELOW_1200_DAYS,ARRIVAL_TIMES_REQUIRE_PORTAL_LOGIN,NOT_ASSESSED_WITH_COMPLETE_TIMING_INPUTS,False
J1836-1008,J1836-1008,['B1834-10'],True,False,True,True,True,True,2021-07-20T12:47:18+00:00,2023-06-26T14:20:20+00:00,707,706.0646064814815,148,,,False,EXCLUDED_SPAN_BELOW_1200_DAYS,ARRIVAL_TIMES_REQUIRE_PORTAL_LOGIN,NOT_ASSESSED_WITH_COMPLETE_TIMING_INPUTS,False
J1840-0809,J1840-0809,[],True,False,True,True,True,True,2021-06-09T15:31:17+00:00,2023-06-30T14:08:13+00:00,751,750.9423148148148,71,,,False,EXCLUDED_SPAN_BELOW_1200_DAYS,ARRIVAL_TIMES_REQUIRE_PORTAL_LOGIN,NOT_ASSESSED_WITH_COMPLETE_TIMING_INPUTS,False
J1842-0359,J1842-0359,['B1839-04'],True,False,True,True,True,True,2021-06-04T15:52:57+00:00,2023-06-27T14:21:34+00:00,753,752.9365393518518,68,,,False,EXCLUDED_SPAN_BELOW_1200_DAYS,ARRIVAL_TIMES_REQUIRE_PORTAL_LOGIN,NOT_ASSESSED_WITH_COMPLETE_TIMING_INPUTS,False
J1844+00,J1844+00,[],True,False,False,False,False,False,2021-07-30T12:11:42+00:00,2023-06-26T14:27:09+00:00,697,696.0940625,61,,,False,EXCLUDED_SPAN_BELOW_1200_DAYS,ARRIVAL_TIMES_REQUIRE_PORTAL_LOGIN,NOT_ASSESSED_WITH_COMPLETE_TIMING_INPUTS,False
J1845-0743,J1845-0743,[],True,False,True,False,True,False,2021-07-13T13:22:29+00:00,2023-06-20T14:53:46+00:00,708,707.0633912037038,88,,,False,EXCLUDED_SPAN_BELOW_1200_DAYS,ARRIVAL_TIMES_REQUIRE_PORTAL_LOGIN,NOT_ASSESSED_WITH_COMPLETE_TIMING_INPUTS,False
J1847-0402,J1847-0402,['B1844-04'],True,False,True,True,True,True,2021-07-05T13:56:00+00:00,2023-06-29T14:19:37+00:00,725,724.0164004629629,80,,,False,EXCLUDED_SPAN_BELOW_1200_DAYS,ARRIVAL_TIMES_REQUIRE_PORTAL_LOGIN,NOT_ASSESSED_WITH_COMPLETE_TIMING_INPUTS,False
J1848-0123,J1848-0123,['B1845-01'],True,False,True,True,True,True,2021-04-22T18:47:20+00:00,2023-06-30T14:16:42+00:00,799,798.8120601851851,140,,,False,EXCLUDED_SPAN_BELOW_1200_DAYS,ARRIVAL_TIMES_REQUIRE_PORTAL_LOGIN,NOT_ASSESSED_WITH_COMPLETE_TIMING_INPUTS,False
J1852-0635,J1852-0635,[],True,False,True,True,True,False,2021-06-09T15:43:46+00:00,2021-09-16T09:12:44+00:00,99,98.72844907407408,27,,,False,EXCLUDED_SPAN_BELOW_1200_DAYS,ARRIVAL_TIMES_REQUIRE_PORTAL_LOGIN,NOT_ASSESSED_WITH_COMPLETE_TIMING_INPUTS,False
J1900-2600,J1900-2600,['B1857-26'],True,False,True,False,True,False,2021-06-02T16:18:19+00:00,2023-06-27T14:41:02+00:00,755,754.9324421296296,184,,,False,EXCLUDED_SPAN_BELOW_1200_DAYS,ARRIVAL_TIMES_REQUIRE_PORTAL_LOGIN,NOT_ASSESSED_WITH_COMPLETE_TIMING_INPUTS,False
J1901+0331,J1901+0331,['B1859+03'],True,False,True,False,True,False,2021-05-05T18:09:07+00:00,2023-06-28T14:36:10+00:00,784,783.8521180555556,111,,,False,EXCLUDED_SPAN_BELOW_1200_DAYS,ARRIVAL_TIMES_REQUIRE_PORTAL_LOGIN,NOT_ASSESSED_WITH_COMPLETE_TIMING_INPUTS,False
J1902+0615,J1902+0615,['B1900+06'],True,False,True,True,True,False,2021-05-14T17:34:34+00:00,2023-06-30T14:29:35+00:00,777,776.8715393518519,95,,,False,EXCLUDED_SPAN_BELOW_1200_DAYS,ARRIVAL_TIMES_REQUIRE_PORTAL_LOGIN,NOT_ASSESSED_WITH_COMPLETE_TIMING_INPUTS,False
J1903+0135,J1903+0135,['B1900+01'],True,False,True,True,True,False,2021-06-09T15:54:15+00:00,2023-06-29T14:35:29+00:00,750,749.945300925926,80,,,False,EXCLUDED_SPAN_BELOW_1200_DAYS,ARRIVAL_TIMES_REQUIRE_PORTAL_LOGIN,NOT_ASSESSED_WITH_COMPLETE_TIMING_INPUTS,False
J1909+1102,J1909+1102,['B1907+10'],True,False,True,True,True,False,2021-06-02T16:27:47+00:00,2023-06-29T14:42:01+00:00,757,756.9265509259259,133,,,False,EXCLUDED_SPAN_BELOW_1200_DAYS,ARRIVAL_TIMES_REQUIRE_PORTAL_LOGIN,NOT_ASSESSED_WITH_COMPLETE_TIMING_INPUTS,False
J1909-3744,J1909-3744,[],True,True,True,False,True,False,2021-04-22T19:07:18+00:00,2023-06-26T14:53:56+00:00,795,794.8240509259259,98,,,False,EXCLUDED_BINARY,ARRIVAL_TIMES_REQUIRE_PORTAL_LOGIN,NOT_ASSESSED_WITH_COMPLETE_TIMING_INPUTS,False
J1910-0309,J1910-0309,['B1907-03'],True,False,True,False,True,False,2021-07-13T13:47:03+00:00,2023-06-28T14:46:45+00:00,716,715.0414583333334,87,,,False,EXCLUDED_SPAN_BELOW_1200_DAYS,ARRIVAL_TIMES_REQUIRE_PORTAL_LOGIN,NOT_ASSESSED_WITH_COMPLETE_TIMING_INPUTS,False
J1913-0440,J1913-0440,['B1911-04'],True,False,True,True,True,True,2021-05-12T17:54:39+00:00,2023-06-30T14:42:18+00:00,779,778.8664236111111,172,,,False,EXCLUDED_SPAN_BELOW_1200_DAYS,ARRIVAL_TIMES_REQUIRE_PORTAL_LOGIN,NOT_ASSESSED_WITH_COMPLETE_TIMING_INPUTS,False
J1917+1353,J1917+1353,['B1915+13'],True,False,True,True,True,False,2021-07-20T13:26:53+00:00,2023-04-14T19:46:09+00:00,634,633.2633796296296,29,,,False,EXCLUDED_SPAN_BELOW_1200_DAYS,ARRIVAL_TIMES_REQUIRE_PORTAL_LOGIN,NOT_ASSESSED_WITH_COMPLETE_TIMING_INPUTS,False
J1919+0021,J1919+0021,['B1917+00'],True,False,True,True,True,False,2021-07-07T14:17:23+00:00,2023-06-27T14:59:53+00:00,721,720.0295138888889,173,,,False,EXCLUDED_SPAN_BELOW_1200_DAYS,ARRIVAL_TIMES_REQUIRE_PORTAL_LOGIN,NOT_ASSESSED_WITH_COMPLETE_TIMING_INPUTS,False
J1921+2153,J1921+2153,['B1919+21'],True,False,False,False,False,False,2021-07-05T14:29:05+00:00,2023-06-30T14:48:57+00:00,726,725.0137962962963,207,,,False,EXCLUDED_SPAN_BELOW_1200_DAYS,ARRIVAL_TIMES_REQUIRE_PORTAL_LOGIN,NOT_ASSESSED_WITH_COMPLETE_TIMING_INPUTS,False
J1932+1059,J1932+1059,['B1929+10'],True,False,True,True,True,True,2021-04-22T19:29:04+00:00,2022-10-09T08:20:11+00:00,535,534.5354976851852,98,,,False,EXCLUDED_SPAN_BELOW_1200_DAYS,ARRIVAL_TIMES_REQUIRE_PORTAL_LOGIN,NOT_ASSESSED_WITH_COMPLETE_TIMING_INPUTS,False
J1935+1616,J1935+1616,['B1933+16'],True,False,True,False,True,False,2021-06-02T16:51:22+00:00,2023-04-20T19:43:17+00:00,688,687.119386574074,87,,,False,EXCLUDED_SPAN_BELOW_1200_DAYS,ARRIVAL_TIMES_REQUIRE_PORTAL_LOGIN,NOT_ASSESSED_WITH_COMPLETE_TIMING_INPUTS,False
J1939+2134,J1939+2134,['B1937+21'],True,False,True,True,False,False,2021-06-10T16:23:43+00:00,2022-10-08T08:30:29+00:00,485,484.6713657407407,59,,,False,EXCLUDED_SPAN_BELOW_1200_DAYS,ARRIVAL_TIMES_REQUIRE_PORTAL_LOGIN,NOT_ASSESSED_WITH_COMPLETE_TIMING_INPUTS,False
J1941-2602,J1941-2602,['B1937-26'],True,False,True,False,True,False,2021-07-15T14:10:23+00:00,2022-10-12T08:18:16+00:00,454,453.75547453703706,70,,,False,EXCLUDED_SPAN_BELOW_1200_DAYS,ARRIVAL_TIMES_REQUIRE_PORTAL_LOGIN,NOT_ASSESSED_WITH_COMPLETE_TIMING_INPUTS,False
J2006-0807,J2006-0807,['B2003-08'],True,False,True,True,True,True,2021-06-02T17:22:01+00:00,2023-06-29T15:31:10+00:00,757,756.9230208333333,367,,,False,EXCLUDED_SPAN_BELOW_1200_DAYS,ARRIVAL_TIMES_REQUIRE_PORTAL_LOGIN,NOT_ASSESSED_WITH_COMPLETE_TIMING_INPUTS,False
J2046-0421,J2046-0421,['B2043-04'],True,False,True,True,True,True,2021-06-02T18:01:36+00:00,2023-06-28T16:17:22+00:00,756,755.9276157407407,148,,,False,EXCLUDED_SPAN_BELOW_1200_DAYS,ARRIVAL_TIMES_REQUIRE_PORTAL_LOGIN,NOT_ASSESSED_WITH_COMPLETE_TIMING_INPUTS,False
J2048-1616,J2048-1616,['B2045-16'],True,False,True,True,True,True,2021-04-05T21:53:58+00:00,2023-06-29T16:20:40+00:00,815,814.7685416666667,187,,,False,EXCLUDED_SPAN_BELOW_1200_DAYS,ARRIVAL_TIMES_REQUIRE_PORTAL_LOGIN,NOT_ASSESSED_WITH_COMPLETE_TIMING_INPUTS,False
J2053-7200,J2053-7200,['B2048-72'],True,False,True,False,True,False,2021-06-02T18:12:51+00:00,2023-06-27T16:22:55+00:00,755,754.9236574074074,120,,,False,EXCLUDED_SPAN_BELOW_1200_DAYS,ARRIVAL_TIMES_REQUIRE_PORTAL_LOGIN,NOT_ASSESSED_WITH_COMPLETE_TIMING_INPUTS,False
J2129-5721,J2129-5721,[],True,True,True,False,True,False,2021-06-02T18:45:14+00:00,2023-06-29T16:56:03+00:00,757,756.9241782407407,364,,,False,EXCLUDED_BINARY,ARRIVAL_TIMES_REQUIRE_PORTAL_LOGIN,NOT_ASSESSED_WITH_COMPLETE_TIMING_INPUTS,False
J2144-3933,J2144-3933,[],True,False,True,False,True,False,2021-06-09T18:32:29+00:00,2023-06-29T17:14:57+00:00,750,749.9461574074074,250,,,False,EXCLUDED_SPAN_BELOW_1200_DAYS,ARRIVAL_TIMES_REQUIRE_PORTAL_LOGIN,NOT_ASSESSED_WITH_COMPLETE_TIMING_INPUTS,False
J2145-0750,J2145-0750,[],True,True,True,False,True,False,2021-04-05T22:45:56+00:00,2023-06-28T17:17:02+00:00,814,813.7715972222222,202,,,False,EXCLUDED_BINARY,ARRIVAL_TIMES_REQUIRE_PORTAL_LOGIN,NOT_ASSESSED_WITH_COMPLETE_TIMING_INPUTS,False
J2241-5236,J2241-5236,[],True,True,True,False,True,False,2021-04-22T22:38:19+00:00,2023-06-29T18:12:59+00:00,798,797.8157407407407,432,,,False,EXCLUDED_BINARY,ARRIVAL_TIMES_REQUIRE_PORTAL_LOGIN,NOT_ASSESSED_WITH_COMPLETE_TIMING_INPUTS,False
J2330-2005,J2330-2005,['B2327-20'],True,False,True,True,True,True,2021-04-08T00:25:49+00:00,2023-06-29T19:02:24+00:00,813,812.7754050925926,450,,,False,EXCLUDED_SPAN_BELOW_1200_DAYS,ARRIVAL_TIMES_REQUIRE_PORTAL_LOGIN,NOT_ASSESSED_WITH_COMPLETE_TIMING_INPUTS,False
J2346-0609,J2346-0609,[],True,False,True,False,True,False,2021-04-08T00:42:31+00:00,2023-06-29T19:17:15+00:00,813,812.7741203703704,270,,,False,EXCLUDED_SPAN_BELOW_1200_DAYS,ARRIVAL_TIMES_REQUIRE_PORTAL_LOGIN,NOT_ASSESSED_WITH_COMPLETE_TIMING_INPUTS,False
