target,raw_toas,raw_days,raw_span_days,snr_gt7_toas_unvetted,models,ew_overlap,combined_union_span_days,search_ready,disposition
J0034-0721,428,428,784.851632563399,155,1,False,,False,NO_COMPATIBLE_BASELINE
J0134-2937,437,437,784.851767167855,123,1,True,2834.205396784207,False,COMBINED_TIMING_PACKAGE_REQUIRED
J0151-0635,208,207,776.873266165861,33,1,True,2952.852935493616,False,COMBINED_TIMING_PACKAGE_REQUIRED
J0152-1637,196,196,783.854477853704,44,1,True,2831.307317353017,False,COMBINED_TIMING_PACKAGE_REQUIRED
J0206-4028,367,367,776.872942929704,48,1,True,2827.2261099946195,False,COMBINED_TIMING_PACKAGE_REQUIRED
J0255-5304,381,380,813.772789078264,162,1,True,2954.106223831494,False,COMBINED_TIMING_PACKAGE_REQUIRED
J0304+1932,422,421,813.770906403177,61,1,False,,False,NO_COMPATIBLE_BASELINE
J0401-7608,163,163,509.606311578819,32,1,True,2566.0148978557386,False,COMBINED_TIMING_PACKAGE_REQUIRED
J0437-4715,51,34,744.879398088243,0,1,True,2135.2394456347242,False,COMBINED_TIMING_PACKAGE_REQUIRED
J0452-1759,403,402,754.93314242072,372,1,True,2951.7808719302257,False,COMBINED_TIMING_PACKAGE_REQUIRED
J0534+2200,6,6,795.819472868242,0,1,False,,False,NO_COMPATIBLE_BASELINE
J0536-7543,231,231,752.940425414785,150,1,True,2949.8624151513513,False,COMBINED_TIMING_PACKAGE_REQUIRED
J0543+2329,399,399,777.86908787,51,1,False,,False,NO_COMPATIBLE_BASELINE
J0601-0527,347,347,721.025131996052,24,1,True,2940.919055516577,False,COMBINED_TIMING_PACKAGE_REQUIRED
J0629+2415,190,190,751.940122649527,22,1,False,,False,NO_COMPATIBLE_BASELINE
J0630-2834,217,217,756.928300675244,203,1,True,3018.7368723387526,False,COMBINED_TIMING_PACKAGE_REQUIRED
J0729-1836,140,140,725.014253874926,10,1,True,2837.294024650723,False,COMBINED_TIMING_PACKAGE_REQUIRED
J0737-3039A,166,165,778.868395233468,1,1,True,2951.9743613443948,False,COMBINED_TIMING_PACKAGE_REQUIRED
J0738-4042,64,64,808.786228365553,62,1,True,3021.7269237442033,False,COMBINED_TIMING_PACKAGE_REQUIRED
J0742-2822,44,44,601.353441544701,41,1,True,2944.9546452407008,False,COMBINED_TIMING_PACKAGE_REQUIRED
J0758-1528,409,408,753.936376663008,52,1,True,2830.1207795714695,False,COMBINED_TIMING_PACKAGE_REQUIRED
J0809-4753,427,426,753.935027588041,358,1,True,2830.115481338659,False,COMBINED_TIMING_PACKAGE_REQUIRED
J0820-1350,167,167,754.933572765652,151,1,True,2986.7566620429498,False,COMBINED_TIMING_PACKAGE_REQUIRED
J0823+0159,155,154,749.94586351756,58,1,False,,False,NO_COMPATIBLE_BASELINE
J0828-3417,115,115,754.932097297128,23,1,False,,False,NO_COMPATIBLE_BASELINE
J0835-4510,11,10,354.127342363581,1,1,True,3014.6351715746814,False,COMBINED_TIMING_PACKAGE_REQUIRED
J0837+0610,123,123,749.945814797893,58,1,True,2951.903657352409,False,COMBINED_TIMING_PACKAGE_REQUIRED
J0837-4135,18,18,682.132394620415,16,1,True,3015.7450849050233,False,COMBINED_TIMING_PACKAGE_REQUIRED
J0846-3533,420,419,755.930908091309,241,1,True,2834.2473148458917,False,COMBINED_TIMING_PACKAGE_REQUIRED
J0855-3331,369,369,720.02789924863,16,1,True,2827.2629321768227,False,COMBINED_TIMING_PACKAGE_REQUIRED
J0905-5127,103,103,719.030644503481,2,1,False,,False,NO_COMPATIBLE_BASELINE
J0907-5157,132,132,756.928479372364,123,1,True,2961.8599593608014,False,COMBINED_TIMING_PACKAGE_REQUIRED
J0908-1739,103,103,747.952651871758,37,1,True,2830.4220558748466,False,COMBINED_TIMING_PACKAGE_REQUIRED
J0908-4913,6,6,753.936563397547,3,1,True,2908.986633612016,False,COMBINED_TIMING_PACKAGE_REQUIRED
J0922+0638,419,418,756.927674439127,241,1,True,2794.4580269319144,False,COMBINED_TIMING_PACKAGE_REQUIRED
J0934-5249,428,427,754.93240289423,191,1,True,2834.2026379137315,False,COMBINED_TIMING_PACKAGE_REQUIRED
J0942-5552,243,242,797.816591882987,233,1,True,3017.7372508611047,False,COMBINED_TIMING_PACKAGE_REQUIRED
J0944-1354,187,187,754.931994179007,94,1,True,2778.4320954906043,False,COMBINED_TIMING_PACKAGE_REQUIRED
J0953+0755,48,48,756.926505455911,47,1,True,2989.726085272604,False,COMBINED_TIMING_PACKAGE_REQUIRED
J0955-5304,102,101,754.932272873428,30,1,True,2834.193475664009,False,COMBINED_TIMING_PACKAGE_REQUIRED
J1001-5507,151,151,776.873997109625,149,1,True,3015.7413599740403,False,COMBINED_TIMING_PACKAGE_REQUIRED
J1001-5559,90,90,796.819248720362,2,1,False,,False,NO_COMPATIBLE_BASELINE
J1013-5934,214,213,749.94763660188,3,1,True,2833.1844300838143,False,COMBINED_TIMING_PACKAGE_REQUIRED
J1017-5621,224,224,755.931141472512,156,1,True,2834.172478375314,False,COMBINED_TIMING_PACKAGE_REQUIRED
J1022+1001,303,302,754.933395985077,7,1,True,2900.0659862030293,False,COMBINED_TIMING_PACKAGE_REQUIRED
J1047-6709,207,206,784.852051829714,3,1,True,2560.1846382400918,False,COMBINED_TIMING_PACKAGE_REQUIRED
J1048-5832,250,250,777.870969441631,182,1,True,2933.827803881222,False,COMBINED_TIMING_PACKAGE_REQUIRED
J1056-6258,202,202,796.819085336732,197,1,True,3016.7412021795044,False,COMBINED_TIMING_PACKAGE_REQUIRED
J1057-5226,103,103,754.933427145468,64,1,True,2990.828880198669,False,COMBINED_TIMING_PACKAGE_REQUIRED
J1059-5742,119,119,661.189921209256,67,1,True,2833.1107528600087,False,COMBINED_TIMING_PACKAGE_REQUIRED
J1114-6100,27,27,102.719223967944,0,1,True,1927.560156191435,False,COMBINED_TIMING_PACKAGE_REQUIRED
J1116-4122,418,418,756.926724712698,267,1,True,2961.8823768588777,False,COMBINED_TIMING_PACKAGE_REQUIRED
J1136+1551,154,154,756.928201330885,114,1,True,2990.811594908044,False,COMBINED_TIMING_PACKAGE_REQUIRED
J1136-5525,168,168,748.950009473758,128,1,True,2959.881434453552,False,COMBINED_TIMING_PACKAGE_REQUIRED
J1141-3322,127,127,721.025194190013,6,1,True,2812.282141485952,False,COMBINED_TIMING_PACKAGE_REQUIRED
J1141-6545,83,83,655.20574291915,70,1,True,2921.0319080534005,False,COMBINED_TIMING_PACKAGE_REQUIRED
J1157-6224,430,429,798.813435316301,411,1,True,2964.899886663436,False,COMBINED_TIMING_PACKAGE_REQUIRED
J1202-5820,409,409,757.925477833328,310,1,True,2951.823795071497,False,COMBINED_TIMING_PACKAGE_REQUIRED
J1210-5559,285,282,757.924200139125,170,1,True,2951.8525325573287,False,COMBINED_TIMING_PACKAGE_REQUIRED
J1224-6407,234,234,755.929418365981,217,1,True,2963.8941919222866,False,COMBINED_TIMING_PACKAGE_REQUIRED
J1239+2453,226,224,748.950236333595,89,1,False,,False,NO_COMPATIBLE_BASELINE
J1243-6423,18,18,796.818860935167,7,1,True,2988.828172342828,False,COMBINED_TIMING_PACKAGE_REQUIRED
J1253-5820,171,171,749.947236277818,115,1,True,2903.1260390597004,False,COMBINED_TIMING_PACKAGE_REQUIRED
J1257-1027,105,102,756.927986944862,19,1,True,2833.1889996569234,False,COMBINED_TIMING_PACKAGE_REQUIRED
J1306-6617,163,163,748.948643480688,64,1,True,2902.1283731351014,False,COMBINED_TIMING_PACKAGE_REQUIRED
J1326-5859,102,102,753.935990606049,97,1,True,2987.828327372213,False,COMBINED_TIMING_PACKAGE_REQUIRED
J1326-6408,88,86,748.949655773555,52,1,True,2712.486015023312,False,COMBINED_TIMING_PACKAGE_REQUIRED
J1326-6700,81,81,684.126819701148,56,1,True,2957.884175425534,False,COMBINED_TIMING_PACKAGE_REQUIRED
J1327-6222,102,102,797.816038411626,99,1,True,2989.807993577576,False,COMBINED_TIMING_PACKAGE_REQUIRED
J1328-4357,92,92,722.022544011508,64,1,True,2835.152455370562,False,COMBINED_TIMING_PACKAGE_REQUIRED
J1338-6204,62,62,108.701114247765,12,1,True,1934.7138246775219,False,COMBINED_TIMING_PACKAGE_REQUIRED
J1357-62,195,195,748.948101969816,127,1,False,,False,NO_COMPATIBLE_BASELINE
J1359-6038,44,44,482.678726464738,39,1,True,2648.756702538883,False,COMBINED_TIMING_PACKAGE_REQUIRED
J1401-6357,148,148,757.924881665933,139,1,True,2964.881774030789,False,COMBINED_TIMING_PACKAGE_REQUIRED
J1410-7404,435,435,750.942356894282,39,1,False,,False,NO_COMPATIBLE_BASELINE
J1418-3921,386,386,710.068087864186,15,1,True,2904.1109033414405,False,COMBINED_TIMING_PACKAGE_REQUIRED
J1428-5530,272,272,756.927822150593,250,1,True,2963.8872150746733,False,COMBINED_TIMING_PACKAGE_REQUIRED
J1430-6623,253,253,798.813027178179,244,1,True,2990.8321090850777,False,COMBINED_TIMING_PACKAGE_REQUIRED
J1440-6344,397,395,755.930203000698,91,1,False,,False,NO_COMPATIBLE_BASELINE
J1453-6413,3,3,482.678538470044,1,1,True,2674.763585263102,False,COMBINED_TIMING_PACKAGE_REQUIRED
J1456-6843,171,171,756.927549827107,150,1,True,3160.3710218239867,False,COMBINED_TIMING_PACKAGE_REQUIRED
J1507-4352,215,215,756.926414647162,102,1,True,2832.199678317087,False,COMBINED_TIMING_PACKAGE_REQUIRED
J1512-5759,256,256,750.944021375889,131,1,True,2837.2928718286526,False,COMBINED_TIMING_PACKAGE_REQUIRED
J1522-5829,471,470,755.930466385361,268,1,True,2841.17345606921,False,COMBINED_TIMING_PACKAGE_REQUIRED
J1534-5334,475,474,798.813064579983,401,1,True,2964.8847727505663,False,COMBINED_TIMING_PACKAGE_REQUIRED
J1539-5626,124,124,749.946760259407,13,1,True,2834.057695954419,False,COMBINED_TIMING_PACKAGE_REQUIRED
J1543+0929,116,116,752.939052384589,30,1,True,2683.6148185855495,False,COMBINED_TIMING_PACKAGE_REQUIRED
J1543-0620,130,130,757.925403152529,74,1,False,,False,NO_COMPATIBLE_BASELINE
J1544-5308,106,106,718.033405675764,49,1,True,2949.9015806762013,False,COMBINED_TIMING_PACKAGE_REQUIRED
J1553-5456,98,98,745.956265703495,16,1,True,2129.169453074092,False,COMBINED_TIMING_PACKAGE_REQUIRED
J1557-4258,138,138,754.932264171679,112,1,True,2961.8878039327883,False,COMBINED_TIMING_PACKAGE_REQUIRED
J1559-4438,34,34,719.030672720242,32,1,True,2990.8114626953748,False,COMBINED_TIMING_PACKAGE_REQUIRED
J1600-5044,120,120,794.824074219709,118,1,True,2986.8589134942513,False,COMBINED_TIMING_PACKAGE_REQUIRED
J1602-5100,94,94,723.019753251373,88,1,False,,False,NO_COMPATIBLE_BASELINE
J1604-4909,86,86,710.05532625258,83,1,True,2954.89544797963,False,COMBINED_TIMING_PACKAGE_REQUIRED
J1605-5257,97,97,710.055213477759,85,1,True,2944.914429784882,False,COMBINED_TIMING_PACKAGE_REQUIRED
J1607-0032,108,108,754.931994253179,56,1,False,,False,NO_COMPATIBLE_BASELINE
J1630-4733,26,26,102.718835742813,0,1,False,,False,NO_COMPATIBLE_BASELINE
J1633-5015,464,463,798.813177179527,414,1,True,2991.8157942637813,False,COMBINED_TIMING_PACKAGE_REQUIRED
J1643-1224,47,47,714.044364311238,0,1,False,,False,NO_COMPATIBLE_BASELINE
J1644-4559,12,12,749.94548212474,10,1,True,3111.496343806012,False,COMBINED_TIMING_PACKAGE_REQUIRED
J1645-0317,4,4,237.350107883583,4,1,False,,False,NO_COMPATIBLE_BASELINE
J1651-4246,210,210,757.923580100564,205,1,True,2954.895593094711,False,COMBINED_TIMING_PACKAGE_REQUIRED
J1651-5222,203,203,698.088286653936,124,1,True,2901.137261162406,False,COMBINED_TIMING_PACKAGE_REQUIRED
J1701-3726,108,108,745.957825800893,83,1,True,2824.1806582457193,False,COMBINED_TIMING_PACKAGE_REQUIRED
J1703-1846,69,69,757.923616372043,12,1,True,2833.155240162635,False,COMBINED_TIMING_PACKAGE_REQUIRED
J1703-3241,79,79,749.945483021828,78,1,True,2963.8806751301227,False,COMBINED_TIMING_PACKAGE_REQUIRED
J1703-4851,66,66,722.022640175535,14,1,True,2899.0337663713944,False,COMBINED_TIMING_PACKAGE_REQUIRED
J1705-1906,72,72,775.876164835068,42,1,True,2952.887645588531,False,COMBINED_TIMING_PACKAGE_REQUIRED
J1705-3423,80,80,718.033308614156,40,1,True,2925.970461540282,False,COMBINED_TIMING_PACKAGE_REQUIRED
J1709-1640,81,81,797.81610686987,54,1,True,2990.8136574898786,False,COMBINED_TIMING_PACKAGE_REQUIRED
J1709-4429,94,94,745.95614801062,75,1,True,2943.948554095739,False,COMBINED_TIMING_PACKAGE_REQUIRED
J1713+0747,38,38,758.922560879674,0,1,False,,False,NO_COMPATIBLE_BASELINE
J1717-3425,188,188,748.948759366496,47,1,True,2574.9189279029674,False,COMBINED_TIMING_PACKAGE_REQUIRED
J1720-1633,128,128,754.931724498308,21,1,True,2831.118943254886,False,COMBINED_TIMING_PACKAGE_REQUIRED
J1722-3207,84,84,778.867010901104,79,1,True,2834.12210838729,False,COMBINED_TIMING_PACKAGE_REQUIRED
J1722-3712,95,95,686.121175184265,58,1,True,2808.169886389121,False,COMBINED_TIMING_PACKAGE_REQUIRED
J1731-4744,107,102,797.815852867669,98,1,True,2989.86218482782,False,COMBINED_TIMING_PACKAGE_REQUIRED
J1733-2228,192,192,755.929074042878,83,1,True,2798.1510435536356,False,COMBINED_TIMING_PACKAGE_REQUIRED
J1740-3015,113,113,741.967343510866,107,1,True,2963.8704117678512,False,COMBINED_TIMING_PACKAGE_REQUIRED
J1741-3927,94,94,689.11319026802,87,1,True,2832.1128951692945,False,COMBINED_TIMING_PACKAGE_REQUIRED
J1743-3150,104,104,717.036159346445,27,1,True,2848.1919052050885,False,COMBINED_TIMING_PACKAGE_REQUIRED
J1744-1134,43,43,748.948372265877,0,1,False,,False,NO_COMPATIBLE_BASELINE
J1745-3040,62,62,746.954073245308,61,1,True,2950.8520378440144,False,COMBINED_TIMING_PACKAGE_REQUIRED
J1751-4657,210,210,749.946334676308,191,1,True,2990.8183495421003,False,COMBINED_TIMING_PACKAGE_REQUIRED
J1752-2806,10,10,562.460113027375,6,1,True,3121.277427539024,False,COMBINED_TIMING_PACKAGE_REQUIRED
J1757-2421,387,385,723.0196943902,118,1,True,2174.0508209552268,False,COMBINED_TIMING_PACKAGE_REQUIRED
J1803-2137,282,282,776.873292304908,16,1,True,2163.079029115307,False,COMBINED_TIMING_PACKAGE_REQUIRED
J1807-0847,34,34,450.764446097583,32,1,True,2710.5765964473194,False,COMBINED_TIMING_PACKAGE_REQUIRED
J1809-1943,122,122,492.651438401827,21,1,False,,False,NO_COMPATIBLE_BASELINE
J1817-3618,153,153,753.935890986169,91,1,False,,False,NO_COMPATIBLE_BASELINE
J1817-3837,157,157,750.942602048696,52,1,False,,False,NO_COMPATIBLE_BASELINE
J1820-0427,68,68,797.816249742451,65,1,True,2990.8084778873126,False,COMBINED_TIMING_PACKAGE_REQUIRED
J1822-2256,78,78,754.932986170849,63,1,True,2898.053741857456,False,COMBINED_TIMING_PACKAGE_REQUIRED
J1823-3106,157,157,721.025097192637,105,1,True,2831.114151107084,False,COMBINED_TIMING_PACKAGE_REQUIRED
J1824-1945,14,14,431.819101758194,12,1,True,2927.9491450693818,False,COMBINED_TIMING_PACKAGE_REQUIRED
J1825-0935,72,72,776.871884394773,54,1,True,2964.875764452068,False,COMBINED_TIMING_PACKAGE_REQUIRED
J1829-1751,156,156,746.953500546595,152,1,True,2925.9494609161134,False,COMBINED_TIMING_PACKAGE_REQUIRED
J1833-0338,74,74,795.820201452815,60,1,True,2838.1258007663537,False,COMBINED_TIMING_PACKAGE_REQUIRED
J1834-0426,57,57,756.926554678366,37,1,True,2850.17253051484,False,COMBINED_TIMING_PACKAGE_REQUIRED
J1835-1106,67,67,718.033406325302,3,1,False,,False,NO_COMPATIBLE_BASELINE
J1836-1008,148,148,706.066124388803,118,1,True,2950.908641382581,False,COMBINED_TIMING_PACKAGE_REQUIRED
J1840-0809,71,71,750.94293908288,1,1,True,2849.1030750360383,False,COMBINED_TIMING_PACKAGE_REQUIRED
J1842-0359,68,68,752.937414453958,28,1,True,2836.146573611094,False,COMBINED_TIMING_PACKAGE_REQUIRED
J1844+00,61,61,696.09386146844,39,1,False,,False,NO_COMPATIBLE_BASELINE
J1845-0743,88,88,707.063541092543,0,1,True,2566.0063645721184,False,COMBINED_TIMING_PACKAGE_REQUIRED
J1847-0402,80,80,724.017013841963,60,1,True,2953.896011129937,False,COMBINED_TIMING_PACKAGE_REQUIRED
J1848-0123,139,139,798.812273332761,131,1,True,2954.8844967409977,False,COMBINED_TIMING_PACKAGE_REQUIRED
J1852-0635,27,27,98.728510765503,0,1,True,2204.898872453761,False,COMBINED_TIMING_PACKAGE_REQUIRED
J1900-2600,184,184,754.93252985346,176,1,True,2951.891148014104,False,COMBINED_TIMING_PACKAGE_REQUIRED
J1901+0331,111,110,783.853290613598,106,1,True,2811.2207158411156,False,COMBINED_TIMING_PACKAGE_REQUIRED
J1902+0615,95,95,776.872698041683,7,1,True,2632.712763736557,False,COMBINED_TIMING_PACKAGE_REQUIRED
J1903+0135,80,80,749.945590902867,76,1,True,2832.1831845875017,False,COMBINED_TIMING_PACKAGE_REQUIRED
J1909+1102,133,133,756.926573604378,64,1,True,2832.1468988584743,False,COMBINED_TIMING_PACKAGE_REQUIRED
J1909-3744,10,10,328.101850388693,0,1,True,2748.444384866655,False,COMBINED_TIMING_PACKAGE_REQUIRED
J1910-0309,87,87,715.041663480533,3,1,True,2828.1162095087348,False,COMBINED_TIMING_PACKAGE_REQUIRED
J1913-0440,171,171,778.86641548569,162,1,True,2990.9088387972856,False,COMBINED_TIMING_PACKAGE_REQUIRED
J1917+1353,29,29,633.265486088558,17,1,True,2499.099504717141,False,COMBINED_TIMING_PACKAGE_REQUIRED
J1919+0021,172,172,720.028005072718,11,1,True,2831.1063612172215,False,COMBINED_TIMING_PACKAGE_REQUIRED
J1921+2153,207,207,725.014104827509,74,1,False,,False,NO_COMPATIBLE_BASELINE
J1932+1059,48,48,530.548077621415,36,1,True,2722.641107841391,False,COMBINED_TIMING_PACKAGE_REQUIRED
J1935+1616,3,3,650.218977169671,2,1,True,2388.4406103135434,False,COMBINED_TIMING_PACKAGE_REQUIRED
J1939+2134,0,0,,0,0,False,,False,NO_COMPATIBLE_BASELINE
J1941-2602,70,70,453.756910143794,48,1,True,2454.110916225471,False,COMBINED_TIMING_PACKAGE_REQUIRED
J2006-0807,363,362,756.928243425291,38,1,True,2830.1325179668816,False,COMBINED_TIMING_PACKAGE_REQUIRED
J2046-0421,146,146,755.930907167906,30,1,True,2833.146985799784,False,COMBINED_TIMING_PACKAGE_REQUIRED
J2048-1616,186,186,814.768570558195,163,1,True,3157.2801076972314,False,COMBINED_TIMING_PACKAGE_REQUIRED
J2053-7200,120,120,754.931144670849,43,1,True,2763.4130077943323,False,COMBINED_TIMING_PACKAGE_REQUIRED
J2129-5721,92,92,756.92779630989,0,1,True,2476.124207841346,False,COMBINED_TIMING_PACKAGE_REQUIRED
J2144-3933,250,249,749.946783722332,69,1,True,2834.1519374224213,False,COMBINED_TIMING_PACKAGE_REQUIRED
J2145-0750,101,101,813.773054470524,3,1,True,2790.266992996422,False,COMBINED_TIMING_PACKAGE_REQUIRED
J2241-5236,61,61,795.821629763141,0,1,True,2971.820892889906,False,COMBINED_TIMING_PACKAGE_REQUIRED
J2330-2005,448,447,812.775122133432,151,1,True,2952.8257471202974,False,COMBINED_TIMING_PACKAGE_REQUIRED
J2346-0609,270,270,812.774925114622,22,1,True,2848.245092779866,False,COMBINED_TIMING_PACKAGE_REQUIRED
